x,y,z,source,maxzoom
22,53,6,glo30,12
22,52,6,glo30,12
23,53,6,glo30,12
17,8,5,glo30,12
17,9,5,glo30,12
16,8,5,glo30,12
17,11,5,glo30,12
17,10,5,glo30,12
67,41,7,glo30,12
67,40,7,glo30,12
66,41,7,glo30,12
63,42,7,glo30,12
62,42,7,glo30,12
63,43,7,glo30,12
137,98,8,glo30,12
136,99,8,glo30,12
67,39,7,glo30,12
66,38,7,glo30,12
67,38,7,glo30,12
32,20,6,glo30,12
33,21,6,glo30,12
32,21,6,glo30,12
33,22,6,glo30,12
32,22,6,glo30,12
32,23,6,glo30,12
125,88,8,glo30,12
124,88,8,glo30,12
125,89,8,glo30,12
4,1,4,glo30,12
5,1,4,glo30,12
6,7,3,glo30,12
7,7,3,glo30,12
6,6,3,glo30,12
63,44,7,glo30,12
62,45,7,glo30,12
12,6,4,glo30,12
13,6,4,glo30,12
12,7,4,glo30,12
9,5,4,glo30,12
9,4,4,glo30,12
140,99,8,glo30,12
140,98,8,glo30,12
23,31,6,glo30,12
22,31,6,glo30,12
67,47,7,glo30,12
66,46,7,glo30,12
67,46,7,glo30,12
71,48,7,glo30,12
71,49,7,glo30,12
70,48,7,glo30,12
544,395,10,glo30,12
545,395,10,glo30,12
544,394,10,glo30,12
9,24,6,glo30,12
63,42,6,glo30,12
62,42,6,glo30,12
62,43,6,glo30,12
2,4,4,glo30,12
3,4,4,glo30,12
3,5,4,glo30,12
25,16,5,glo30,12
25,17,5,glo30,12
24,17,5,glo30,12
2,13,4,glo30,12
3,13,4,glo30,12
2,3,2,glo30,12
267,190,9,glo30,12
267,191,9,glo30,12
22,21,5,glo30,12
540,384,10,glo30,12
30,23,6,glo30,12
31,23,6,glo30,12
30,22,6,glo30,12
18,3,5,glo30,12
19,3,5,glo30,12
27,18,5,glo30,12
26,18,5,glo30,12
13,50,6,glo30,12
13,51,6,glo30,12
12,51,6,glo30,12
277,194,9,glo30,12
277,195,9,glo30,12
276,195,9,glo30,12
69,49,7,glo30,12
68,48,7,glo30,12
11,6,4,glo30,12
10,6,4,glo30,12
12,1,5,glo30,12
13,1,5,glo30,12
40,33,6,glo30,12
41,33,6,glo30,12
41,32,6,glo30,12
274,198,9,glo30,12
275,198,9,glo30,12
10,10,5,glo30,12
10,11,5,glo30,12
6,2,4,glo30,12
6,3,4,glo30,12
267,156,9,glo30,12
267,157,9,glo30,12
266,156,9,glo30,12
249,178,9,glo30,12
249,179,9,glo30,12
248,179,9,glo30,12
1109,774,11,glo30,12
1109,775,11,glo30,12
1108,774,11,glo30,12
12,16,5,glo30,12
12,17,5,glo30,12
13,17,5,glo30,12
127,90,8,glo30,12
126,90,8,glo30,12
127,91,8,glo30,12
3,7,3,glo30,12
2,7,3,glo30,12
5,12,5,glo30,12
7,13,4,glo30,12
253,182,9,glo30,12
252,182,9,glo30,12
253,183,9,glo30,12
6,33,6,glo30,12
7,33,6,glo30,12
1,7,3,glo30,12
0,7,3,glo30,12
136,100,8,glo30,12
136,101,8,glo30,12
137,101,8,glo30,12
9,21,5,glo30,12
9,20,5,glo30,12
318,274,9,glo30,12
319,274,9,glo30,12
319,275,9,glo30,12
14,8,4,glo30,12
15,8,4,glo30,12
29,18,5,glo30,12
28,18,5,glo30,12
28,19,5,glo30,12
7,25,5,glo30,12
41,34,6,glo30,12
40,35,6,glo30,12
40,34,6,glo30,12
2,7,5,glo30,12
3,7,5,glo30,12
124,87,8,glo30,12
125,86,8,glo30,12
124,86,8,glo30,12
1,28,6,glo30,12
1,29,6,glo30,12
23,5,5,glo30,12
4,17,5,glo30,12
5,17,5,glo30,12
30,8,5,glo30,12
31,8,5,glo30,12
30,9,5,glo30,12
535,319,10,glo30,12
534,319,10,glo30,12
535,318,10,glo30,12
14,13,5,glo30,12
15,12,5,glo30,12
15,13,5,glo30,12
14,12,4,glo30,12
14,13,4,glo30,12
12,3,4,glo30,12
13,3,4,glo30,12
12,2,4,glo30,12
5,2,3,glo30,12
28,21,6,glo30,12
29,21,6,glo30,12
273,197,9,glo30,12
273,196,9,glo30,12
25,48,6,glo30,12
24,48,6,glo30,12
9,7,5,glo30,12
8,7,5,glo30,12
8,6,5,glo30,12
14,25,5,glo30,12
15,25,5,glo30,12
15,24,5,glo30,12
4,2,4,glo30,12
5,2,4,glo30,12
548,398,10,glo30,12
548,399,10,glo30,12
549,398,10,glo30,12
28,11,5,glo30,12
28,10,5,glo30,12
6,2,3,glo30,12
26,14,5,glo30,12
26,15,5,glo30,12
27,15,5,glo30,12
10,18,5,glo30,12
10,19,5,glo30,12
11,18,5,glo30,12
2206,1594,12,glo30,12
2207,1594,12,glo30,12
2207,1595,12,glo30,12
2,9,5,glo30,12
2,8,5,glo30,12
3,8,5,glo30,12
8,7,4,glo30,12
9,6,4,glo30,12
9,7,4,glo30,12
4,5,4,glo30,12
132,95,8,glo30,12
133,94,8,glo30,12
35,13,6,glo30,12
34,13,6,glo30,12
35,12,6,glo30,12
23,3,5,glo30,12
22,3,5,glo30,12
0,8,5,glo30,12
1,9,5,glo30,12
1,8,5,glo30,12
26,48,6,glo30,12
27,48,6,glo30,12
267,194,9,glo30,12
267,195,9,glo30,12
18,13,6,glo30,12
19,13,6,glo30,12
18,12,6,glo30,12
22,22,6,glo30,12
17,4,5,glo30,12
23,38,6,glo30,12
22,38,6,glo30,12
22,39,6,glo30,12
10,14,5,glo30,12
10,15,5,glo30,12
14,4,4,glo30,12
61,40,6,glo30,12
61,41,6,glo30,12
28,15,5,glo30,12
18,4,5,glo30,12
40,30,6,glo30,12
41,30,6,glo30,12
40,31,6,glo30,12
26,44,6,glo30,12
27,44,6,glo30,12
27,45,6,glo30,12
267,161,9,glo30,12
266,161,9,glo30,12
1069,636,11,glo30,12
1069,637,11,glo30,12
30,18,5,glo30,12
31,19,5,glo30,12
548,403,10,glo30,12
548,402,10,glo30,12
7,18,6,glo30,12
7,19,6,glo30,12
6,18,6,glo30,12
10,26,6,glo30,12
11,27,6,glo30,12
11,26,6,glo30,12
167,143,8,glo30,12
166,142,8,glo30,12
167,142,8,glo30,12
30,10,5,glo30,12
31,10,5,glo30,12
7,48,6,glo30,12
6,48,6,glo30,12
3,2,4,glo30,12
3,3,4,glo30,12
179,247,9,glo30,12
178,247,9,glo30,12
29,5,5,glo30,12
28,5,5,glo30,12
63,18,6,glo30,12
62,18,6,glo30,12
21,5,5,glo30,12
134,96,8,glo30,12
135,97,8,glo30,12
134,97,8,glo30,12
16,7,5,glo30,12
17,7,5,glo30,12
8,12,5,glo30,12
8,13,5,glo30,12
250,175,9,glo30,12
251,174,9,glo30,12
9,16,5,glo30,12
9,17,5,glo30,12
8,17,5,glo30,12
13,36,6,glo30,12
12,37,6,glo30,12
12,36,6,glo30,12
1,17,5,glo30,12
0,17,5,glo30,12
45,11,6,glo30,12
44,10,6,glo30,12
44,11,6,glo30,12
3,6,4,glo30,12
14,3,4,glo30,12
276,193,9,glo30,12
276,192,9,glo30,12
277,192,9,glo30,12
15,9,5,glo30,12
14,8,5,glo30,12
1080,772,11,glo30,12
1080,773,11,glo30,12
38,34,6,glo30,12
39,35,6,glo30,12
38,35,6,glo30,12
18,26,6,glo30,12
18,27,6,glo30,12
19,27,6,glo30,12
5,8,4,glo30,12
535,321,10,glo30,12
535,320,10,glo30,12
19,7,5,glo30,12
18,7,5,glo30,12
10,7,5,glo30,12
11,6,5,glo30,12
11,7,5,glo30,12
20,44,6,glo30,12
21,45,6,glo30,12
24,23,5,glo30,12
4,13,4,glo30,12
10,3,4,glo30,12
11,3,4,glo30,12
30,26,5,glo30,12
30,27,5,glo30,12
31,27,5,glo30,12
20,13,6,glo30,12
21,12,6,glo30,12
21,13,6,glo30,12
0,27,5,glo30,12
1,27,5,glo30,12
17,3,5,glo30,12
18,16,5,glo30,12
19,16,5,glo30,12
18,17,5,glo30,12
18,24,6,glo30,12
19,24,6,glo30,12
18,25,6,glo30,12
23,45,6,glo30,12
22,45,6,glo30,12
31,20,5,glo30,12
13,8,4,glo30,12
12,48,6,glo30,12
13,48,6,glo30,12
5,13,6,glo30,12
4,13,6,glo30,12
24,45,6,glo30,12
25,44,6,glo30,12
28,3,6,glo30,12
29,3,6,glo30,12
9,19,5,glo30,12
15,49,6,glo30,12
14,48,6,glo30,12
15,48,6,glo30,12
30,7,5,glo30,12
31,7,5,glo30,12
26,1,6,glo30,12
27,1,6,glo30,12
7,14,5,glo30,12
1056,752,11,glo30,12
1057,752,11,glo30,12
535,316,10,glo30,12
535,317,10,glo30,12
534,317,10,glo30,12
139,97,8,glo30,12
139,96,8,glo30,12
1,10,5,glo30,12
0,10,5,glo30,12
5,7,5,glo30,12
4,7,5,glo30,12
5,6,5,glo30,12
10,1,4,glo30,12
1,19,6,glo30,12
1,18,6,glo30,12
529,377,10,glo30,12
529,376,10,glo30,12
29,48,6,glo30,12
29,49,6,glo30,12
28,48,6,glo30,12
46,30,6,glo30,12
46,31,6,glo30,12
28,30,6,glo30,12
29,30,6,glo30,12
3,36,6,glo30,12
52,10,6,glo30,12
52,11,6,glo30,12
12,30,6,glo30,12
20,16,6,glo30,12
20,17,6,glo30,12
21,16,6,glo30,12
49,32,6,glo30,12
49,33,6,glo30,12
35,10,6,glo30,12
35,11,6,glo30,12
34,10,6,glo30,12
44,4,6,glo30,12
44,5,6,glo30,12
10,23,5,glo30,12
550,398,10,glo30,12
551,399,10,glo30,12
38,36,6,glo30,12
39,36,6,glo30,12
1080,770,11,glo30,12
1080,771,11,glo30,12
17,18,5,glo30,12
267,193,9,glo30,12
267,192,9,glo30,12
4,36,6,glo30,12
5,36,6,glo30,12
11,8,5,glo30,12
9,1,5,glo30,12
56,28,6,glo30,12
57,28,6,glo30,12
57,29,6,glo30,12
1991,1425,12,glo30,12
1991,1424,12,glo30,12
30,24,5,glo30,12
30,25,5,glo30,12
20,14,5,glo30,12
264,189,9,glo30,12
265,188,9,glo30,12
265,189,9,glo30,12
9,48,6,glo30,12
8,48,6,glo30,12
56,9,6,glo30,12
57,9,6,glo30,12
14,6,5,glo30,12
14,7,5,glo30,12
15,7,5,glo30,12
26,24,6,glo30,12
27,24,6,glo30,12
27,25,6,glo30,12
12,27,5,glo30,12
13,27,5,glo30,12
9,8,5,glo30,12
8,8,5,glo30,12
9,9,5,glo30,12
6,1,4,glo30,12
59,27,6,glo30,12
63,48,6,glo30,12
62,48,6,glo30,12
42,8,6,glo30,12
43,9,6,glo30,12
42,9,6,glo30,12
59,38,6,glo30,12
58,38,6,glo30,12
58,39,6,glo30,12
23,17,5,glo30,12
22,17,5,glo30,12
33,25,6,glo30,12
32,25,6,glo30,12
32,24,6,glo30,12
14,17,5,glo30,12
15,17,5,glo30,12
7,17,5,glo30,12
6,17,5,glo30,12
7,2,5,glo30,12
7,3,5,glo30,12
59,21,6,glo30,12
58,21,6,glo30,12
59,20,6,glo30,12
39,13,6,glo30,12
38,13,6,glo30,12
1069,633,11,glo30,12
1069,632,11,glo30,12
10,21,5,glo30,12
17,2,6,glo30,12
16,3,6,glo30,12
17,3,6,glo30,12
28,12,5,glo30,12
28,13,5,glo30,12
17,32,6,glo30,12
17,33,6,glo30,12
16,32,6,glo30,12
10,26,5,glo30,12
10,27,5,glo30,12
11,27,5,glo30,12
24,2,5,glo30,12
24,3,5,glo30,12
5,10,5,glo30,12
5,11,5,glo30,12
4,10,5,glo30,12
2,27,5,glo30,12
3,26,5,glo30,12
3,27,5,glo30,12
1,7,5,glo30,12
0,7,5,glo30,12
26,32,6,glo30,12
2,33,6,glo30,12
3,33,6,glo30,12
3,32,6,glo30,12
62,50,6,glo30,12
62,51,6,glo30,12
9,12,6,glo30,12
9,13,6,glo30,12
8,13,6,glo30,12
63,31,6,glo30,12
62,31,6,glo30,12
62,30,6,glo30,12
58,40,6,glo30,12
41,10,6,glo30,12
41,11,6,glo30,12
22,14,5,glo30,12
22,15,5,glo30,12
20,20,5,glo30,12
30,20,6,glo30,12
30,21,6,glo30,12
31,20,6,glo30,12
25,21,6,glo30,12
24,21,6,glo30,12
9,24,5,glo30,12
9,25,5,glo30,12
8,25,5,glo30,12
7,20,6,glo30,12
7,21,6,glo30,12
6,21,6,glo30,12
2,48,6,glo30,12
3,48,6,glo30,12
14,14,5,glo30,12
15,14,5,glo30,12
15,15,5,glo30,12
47,28,6,glo30,12
46,29,6,glo30,12
46,28,6,glo30,12
1102,797,11,glo30,12
1103,796,11,glo30,12
1102,796,11,glo30,12
47,8,6,glo30,12
46,9,6,glo30,12
47,9,6,glo30,12
40,36,6,glo30,12
41,36,6,glo30,12
14,4,5,glo30,12
14,5,5,glo30,12
24,36,6,glo30,12
52,38,6,glo30,12
53,38,6,glo30,12
1,36,6,glo30,12
0,36,6,glo30,12
0,37,6,glo30,12
6,36,6,glo30,12
6,37,6,glo30,12
7,36,6,glo30,12
4,7,4,glo30,12
61,13,6,glo30,12
60,13,6,glo30,12
51,36,6,glo30,12
61,47,6,glo30,12
60,47,6,glo30,12
78,69,7,glo30,12
79,69,7,glo30,12
78,68,7,glo30,12
61,28,6,glo30,12
61,29,6,glo30,12
60,29,6,glo30,12
54,29,6,glo30,12
27,52,6,glo30,12
26,53,6,glo30,12
27,53,6,glo30,12
23,18,6,glo30,12
12,8,5,glo30,12
42,47,6,glo30,12
16,17,5,glo30,12
17,16,5,glo30,12
17,17,5,glo30,12
32,32,6,glo30,12
33,33,6,glo30,12
33,32,6,glo30,12
7,51,6,glo30,12
6,51,6,glo30,12
15,32,6,glo30,12
38,41,6,glo30,12
30,6,6,glo30,12
17,1,6,glo30,12
0,31,6,glo30,12
21,3,6,glo30,12
20,3,6,glo30,12
45,32,6,glo30,12
44,32,6,glo30,12
44,33,6,glo30,12
30,15,5,glo30,12
1069,642,11,glo30,12
1069,643,11,glo30,12
4,33,6,glo30,12
4,32,6,glo30,12
5,33,6,glo30,12
23,2,6,glo30,12
23,3,6,glo30,12
22,3,6,glo30,12
88,123,8,glo30,12
995,713,11,glo30,12
22,20,6,glo30,12
23,21,6,glo30,12
22,21,6,glo30,12
10,48,6,glo30,12
11,48,6,glo30,12
62,29,6,glo30,12
13,7,6,glo30,12
13,6,6,glo30,12
68,51,7,glo30,12
69,51,7,glo30,12
69,50,7,glo30,12
3,27,6,glo30,12
2,27,6,glo30,12
51,47,6,glo30,12
50,47,6,glo30,12
30,40,6,glo30,12
14,2,5,glo30,12
14,3,5,glo30,12
33,9,6,glo30,12
33,8,6,glo30,12
53,47,6,glo30,12
52,47,6,glo30,12
9,10,6,glo30,12
9,11,6,glo30,12
7,13,6,glo30,12
6,13,6,glo30,12
2,17,5,glo30,12
3,17,5,glo30,12
55,38,6,glo30,12
54,38,6,glo30,12
37,38,6,glo30,12
36,38,6,glo30,12
28,25,6,glo30,12
29,25,6,glo30,12
1,48,6,glo30,12
0,48,6,glo30,12
555,387,10,glo30,12
554,386,10,glo30,12
555,386,10,glo30,12
32,13,6,glo30,12
33,13,6,glo30,12
55,11,6,glo30,12
55,10,6,glo30,12
47,4,6,glo30,12
47,5,6,glo30,12
274,200,9,glo30,12
275,200,9,glo30,12
275,201,9,glo30,12
58,29,6,glo30,12
58,28,6,glo30,12
20,19,6,glo30,12
20,18,6,glo30,12
21,19,6,glo30,12
4,31,6,glo30,12
0,40,6,glo30,12
44,41,6,glo30,12
60,9,6,glo30,12
23,1,6,glo30,12
1005,703,11,glo30,12
1004,703,11,glo30,12
44,9,6,glo30,12
45,8,6,glo30,12
18,18,5,glo30,12
19,36,6,glo30,12
19,37,6,glo30,12
50,7,6,glo30,12
33,7,6,glo30,12
25,43,6,glo30,12
24,43,6,glo30,12
32,19,6,glo30,12
33,18,6,glo30,12
32,18,6,glo30,12
56,47,6,glo30,12
57,47,6,glo30,12
61,42,6,glo30,12
61,43,6,glo30,12
60,43,6,glo30,12
5,53,6,glo30,12
4,53,6,glo30,12
5,52,6,glo30,12
503,350,10,glo30,12
503,351,10,glo30,12
2216,1550,12,glo30,12
2217,1550,12,glo30,12
26,21,6,glo30,12
27,21,6,glo30,12
27,51,6,glo30,12
11,51,6,glo30,12
10,51,6,glo30,12
63,13,6,glo30,12
62,13,6,glo30,12
21,17,5,glo30,12
30,13,6,glo30,12
31,13,6,glo30,12
17,38,6,glo30,12
16,19,6,glo30,12
17,19,6,glo30,12
17,18,6,glo30,12
20,41,6,glo30,12
21,40,6,glo30,12
20,40,6,glo30,12
8,36,6,glo30,12
9,36,6,glo30,12
4,20,6,glo30,12
5,21,6,glo30,12
4,21,6,glo30,12
1069,641,11,glo30,12
1069,640,11,glo30,12
62,36,6,glo30,12
32,43,6,glo30,12
11,28,6,glo30,12
30,16,6,glo30,12
30,17,6,glo30,12
31,16,6,glo30,12
46,47,6,glo30,12
47,47,6,glo30,12
11,8,6,glo30,12
11,9,6,glo30,12
10,9,6,glo30,12
0,32,6,glo30,12
1,33,6,glo30,12
1,32,6,glo30,12
58,23,6,glo30,12
59,22,6,glo30,12
58,22,6,glo30,12
1,13,6,glo30,12
0,13,6,glo30,12
132,81,8,glo30,12
133,81,8,glo30,12
132,80,8,glo30,12
37,13,6,glo30,12
36,13,6,glo30,12
5,5,5,glo30,12
42,33,6,glo30,12
55,47,6,glo30,12
54,47,6,glo30,12
19,1,6,glo30,12
18,1,6,glo30,12
10,24,5,glo30,12
10,25,5,glo30,12
40,8,6,glo30,12
41,8,6,glo30,12
2183,1579,12,glo30,12
2182,1579,12,glo30,12
15,3,6,glo30,12
25,1,6,glo30,12
24,1,6,glo30,12
82,70,7,glo30,12
83,70,7,glo30,12
82,71,7,glo30,12
35,25,6,glo30,12
2,13,6,glo30,12
3,13,6,glo30,12
9,23,6,glo30,12
9,22,6,glo30,12
27,29,6,glo30,12
27,28,6,glo30,12
58,30,6,glo30,12
59,30,6,glo30,12
59,31,6,glo30,12
16,13,5,glo30,12
17,13,5,glo30,12
158,137,8,glo30,12
158,136,8,glo30,12
159,136,8,glo30,12
60,44,6,glo30,12
4,28,6,glo30,12
40,47,6,glo30,12
41,47,6,glo30,12
15,31,6,glo30,12
30,4,6,glo30,12
30,5,6,glo30,12
60,10,6,glo30,12
3,30,6,glo30,12
3,31,6,glo30,12
45,39,6,glo30,12
30,39,6,glo30,12
3,53,6,glo30,12
1090,789,11,glo30,12
13,28,6,glo30,12
12,28,6,glo30,12
16,49,6,glo30,12
16,48,6,glo30,12
17,48,6,glo30,12
35,38,6,glo30,12
60,38,6,glo30,12
3,28,6,glo30,12
22,46,6,glo30,12
22,47,6,glo30,12
26,16,6,glo30,12
27,16,6,glo30,12
27,17,6,glo30,12
19,44,6,glo30,12
36,10,6,glo30,12
540,387,10,glo30,12
42,28,6,glo30,12
59,9,6,glo30,12
58,9,6,glo30,12
67,49,7,glo30,12
66,49,7,glo30,12
0,26,6,glo30,12
1,27,6,glo30,12
0,27,6,glo30,12
29,39,6,glo30,12
5,48,6,glo30,12
4,48,6,glo30,12
52,9,6,glo30,12
0,38,6,glo30,12
23,48,6,glo30,12
22,48,6,glo30,12
29,33,6,glo30,12
9,51,6,glo30,12
8,51,6,glo30,12
19,47,6,glo30,12
17,36,6,glo30,12
4,27,6,glo30,12
20,25,6,glo30,12
62,53,6,glo30,12
497,357,10,glo30,12
132,78,8,glo30,12
57,40,6,glo30,12
24,18,6,glo30,12
45,61,7,glo30,12
9,9,6,glo30,12
1404,1439,12,frrgealti5stpm,14
1405,1439,12,frrgealti5stpm,14
703,719,11,frrgealti5stpm,14
704,721,11,frrgealti5stpm,14
1404,1440,12,frrgealti5stpm,14
1405,1440,12,frrgealti5stpm,14
1406,1444,12,frrgealti5stpm,14
1407,1444,12,frrgealti5stpm,14
1407,1445,12,frrgealti5stpm,14
703,720,11,frrgealti5stpm,14
703,721,11,frrgealti5stpm,14
1408,1440,12,frrgealti5stpm,14
1408,1441,12,frrgealti5stpm,14
1406,1437,12,frrgealti5stpm,14
1407,1437,12,frrgealti5stpm,14
704,722,11,frrgealti5stpm,14
1408,1439,12,frrgealti5stpm,14
1083,648,11,dk,17
1082,648,11,dk,17
2167,1273,12,dk,17
2166,1272,12,dk,17
2167,1272,12,dk,17
2177,1276,12,dk,17
2176,1276,12,dk,17
542,316,10,dk,17
542,323,10,dk,17
542,322,10,dk,17
2142,1255,12,dk,17
2143,1254,12,dk,17
2143,1255,12,dk,17
2184,1303,12,dk,17
2184,1302,12,dk,17
2162,1281,12,dk,17
2163,1280,12,dk,17
2162,1280,12,dk,17
1082,628,11,dk,17
1082,629,11,dk,17
546,321,10,dk,17
547,320,10,dk,17
546,320,10,dk,17
269,157,9,dk,17
268,157,9,dk,17
2170,1271,12,dk,17
2171,1270,12,dk,17
2170,1270,12,dk,17
1071,630,11,dk,17
1070,631,11,dk,17
1071,631,11,dk,17
268,161,9,dk,17
269,160,9,dk,17
268,160,9,dk,17
2158,1298,12,dk,17
2159,1298,12,dk,17
1095,639,11,dk,17
1094,639,11,dk,17
1094,638,11,dk,17
2183,1274,12,dk,17
2183,1275,12,dk,17
2182,1275,12,dk,17
538,322,10,dk,17
538,323,10,dk,17
1085,634,11,dk,17
1084,635,11,dk,17
1084,634,11,dk,17
2172,1292,12,dk,17
2172,1293,12,dk,17
134,79,8,dk,17
1079,623,11,dk,17
1079,622,11,dk,17
1086,624,11,dk,17
1087,624,11,dk,17
2150,1251,12,dk,17
2151,1251,12,dk,17
2160,1294,12,dk,17
2160,1295,12,dk,17
2161,1295,12,dk,17
2180,1302,12,dk,17
2181,1302,12,dk,17
540,321,10,dk,17
541,321,10,dk,17
2139,1264,12,dk,17
539,312,10,dk,17
539,313,10,dk,17
538,313,10,dk,17
272,160,9,dk,17
2172,1266,12,dk,17
2172,1267,12,dk,17
536,313,10,dk,17
2150,1254,12,dk,17
2151,1254,12,dk,17
2150,1255,12,dk,17
2168,1272,12,dk,17
2169,1272,12,dk,17
2168,1273,12,dk,17
2183,1304,12,dk,17
2182,1304,12,dk,17
2173,1286,12,dk,17
2166,1299,12,dk,17
2167,1298,12,dk,17
2166,1298,12,dk,17
2178,1292,12,dk,17
2179,1292,12,dk,17
2179,1293,12,dk,17
546,322,10,dk,17
2139,1283,12,dk,17
2168,1247,12,dk,17
2168,1246,12,dk,17
1082,639,11,dk,17
1083,639,11,dk,17
1082,638,11,dk,17
2158,1290,12,dk,17
2159,1290,12,dk,17
2158,1291,12,dk,17
2141,1260,12,dk,17
2141,1261,12,dk,17
2140,1261,12,dk,17
2166,1261,12,dk,17
2166,1260,12,dk,17
1087,641,11,dk,17
1086,640,11,dk,17
1087,640,11,dk,17
1078,646,11,dk,17
1078,647,11,dk,17
1079,647,11,dk,17
2173,1296,12,dk,17
2172,1296,12,dk,17
2173,1297,12,dk,17
2164,1280,12,dk,17
2165,1280,12,dk,17
554,323,10,dk,17
1085,636,11,dk,17
2160,1298,12,dk,17
2161,1298,12,dk,17
2179,1275,12,dk,17
2180,1294,12,dk,17
2181,1294,12,dk,17
540,312,10,dk,17
541,312,10,dk,17
540,313,10,dk,17
270,158,9,dk,17
1108,645,11,dk,17
1109,645,11,dk,17
2153,1251,12,dk,17
2152,1251,12,dk,17
2172,1246,12,dk,17
2173,1247,12,dk,17
2172,1247,12,dk,17
2169,1301,12,dk,17
2169,1300,12,dk,17
1083,620,11,dk,17
1083,621,11,dk,17
1082,621,11,dk,17
535,316,10,dk,17
535,317,10,dk,17
2170,1301,12,dk,17
2170,1300,12,dk,17
535,320,10,dk,17
2164,1298,12,dk,17
2165,1298,12,dk,17
2165,1299,12,dk,17
2218,1296,12,dk,17
2219,1296,12,dk,17
2179,1294,12,dk,17
2179,1295,12,dk,17
2178,1295,12,dk,17
2163,1282,12,dk,17
2162,1283,12,dk,17
2163,1283,12,dk,17
2139,1274,12,dk,17
2139,1275,12,dk,17
1082,630,11,dk,17
1082,631,11,dk,17
1086,644,11,dk,17
1087,644,11,dk,17
1087,645,11,dk,17
2166,1280,12,dk,17
2167,1280,12,dk,17
2194,1282,12,dk,17
2194,1283,12,dk,17
540,318,10,dk,17
540,319,10,dk,17
2159,1243,12,dk,17
2171,1249,12,dk,17
2170,1249,12,dk,17
2171,1248,12,dk,17
2183,1276,12,dk,17
2182,1276,12,dk,17
2183,1277,12,dk,17
544,324,10,dk,17
545,324,10,dk,17
2220,1296,12,dk,17
2173,1300,12,dk,17
2172,1300,12,dk,17
540,311,10,dk,17
541,311,10,dk,17
1093,636,11,dk,17
1092,637,11,dk,17
1093,637,11,dk,17
2186,1293,12,dk,17
2187,1293,12,dk,17
2186,1292,12,dk,17
2168,1248,12,dk,17
2168,1249,12,dk,17
2169,1249,12,dk,17
2158,1293,12,dk,17
2159,1293,12,dk,17
2158,1292,12,dk,17
2166,1253,12,dk,17
2166,1252,12,dk,17
2166,1262,12,dk,17
2166,1263,12,dk,17
2167,1276,12,dk,17
2166,1276,12,dk,17
2167,1277,12,dk,17
2171,1250,12,dk,17
2171,1251,12,dk,17
1081,646,11,dk,17
1081,647,11,dk,17
1074,627,11,dk,17
1075,626,11,dk,17
1074,626,11,dk,17
2170,1284,12,dk,17
2170,1285,12,dk,17
2172,1251,12,dk,17
2173,1250,12,dk,17
2172,1250,12,dk,17
2166,1239,12,dk,17
2167,1238,12,dk,17
2167,1239,12,dk,17
1084,648,11,dk,17
1085,648,11,dk,17
1084,649,11,dk,17
2174,1247,12,dk,17
2175,1247,12,dk,17
1086,649,11,dk,17
1087,649,11,dk,17
1087,648,11,dk,17
546,319,10,dk,17
2172,1268,12,dk,17
2172,1269,12,dk,17
2166,1283,12,dk,17
2167,1283,12,dk,17
2161,1293,12,dk,17
2161,1292,12,dk,17
2188,1272,12,dk,17
2189,1273,12,dk,17
2188,1273,12,dk,17
540,315,10,dk,17
540,314,10,dk,17
2174,1277,12,dk,17
2175,1277,12,dk,17
2174,1276,12,dk,17
1090,646,11,dk,17
1091,646,11,dk,17
1091,647,11,dk,17
535,319,10,dk,17
535,318,10,dk,17
2168,1240,12,dk,17
2185,1300,12,dk,17
2184,1300,12,dk,17
2184,1301,12,dk,17
2160,1282,12,dk,17
2160,1283,12,dk,17
2157,1247,12,dk,17
2157,1246,12,dk,17
1082,626,11,dk,17
1082,627,11,dk,17
1093,648,11,dk,17
1092,648,11,dk,17
1092,649,11,dk,17
2186,1298,12,dk,17
2187,1298,12,dk,17
2186,1299,12,dk,17
1094,644,11,dk,17
1088,647,11,dk,17
2167,1275,12,dk,17
2166,1275,12,dk,17
541,322,10,dk,17
541,323,10,dk,17
540,322,10,dk,17
2171,1280,12,dk,17
2171,1281,12,dk,17
1095,637,11,dk,17
1094,637,11,dk,17
2172,1290,12,dk,17
2172,1291,12,dk,17
1089,650,11,dk,17
1088,650,11,dk,17
1089,651,11,dk,17
2174,1278,12,dk,17
2175,1278,12,dk,17
1080,621,11,dk,17
1081,621,11,dk,17
2188,1284,12,dk,17
1077,648,11,dk,17
1076,648,11,dk,17
2170,1298,12,dk,17
2170,1299,12,dk,17
2171,1298,12,dk,17
2170,1287,12,dk,17
2170,1286,12,dk,17
2220,1291,12,dk,17
2220,1290,12,dk,17
2173,1285,12,dk,17
2173,1284,12,dk,17
2192,1280,12,dk,17
2193,1281,12,dk,17
2192,1281,12,dk,17
1077,625,11,dk,17
1078,644,11,dk,17
1079,644,11,dk,17
1078,645,11,dk,17
2174,1250,12,dk,17
2141,1258,12,dk,17
2141,1259,12,dk,17
2162,1298,12,dk,17
2143,1292,12,dk,17
2143,1293,12,dk,17
1084,643,11,dk,17
1084,642,11,dk,17
2139,1272,12,dk,17
2139,1273,12,dk,17
1094,647,11,dk,17
1107,646,11,dk,17
2146,1251,12,dk,17
2168,1280,12,dk,17
2169,1280,12,dk,17
1082,636,11,dk,17
1082,637,11,dk,17
1087,650,11,dk,17
2172,1295,12,dk,17
2172,1294,12,dk,17
2190,1284,12,dk,17
2191,1284,12,dk,17
2190,1273,12,dk,17
2191,1273,12,dk,17
2220,1294,12,dk,17
2220,1295,12,dk,17
2188,1287,12,dk,17
2189,1287,12,dk,17
2173,1277,12,dk,17
2173,1276,12,dk,17
2165,1240,12,dk,17
2165,1241,12,dk,17
2164,1241,12,dk,17
2184,1304,12,dk,17
544,322,10,dk,17
545,322,10,dk,17
2139,1284,12,dk,17
1087,642,11,dk,17
1087,643,11,dk,17
1071,643,11,dk,17
1070,642,11,dk,17
1071,642,11,dk,17
1090,638,11,dk,17
1090,639,11,dk,17
2174,1292,12,dk,17
2175,1292,12,dk,17
2145,1251,12,dk,17
2180,1271,12,dk,17
2181,1271,12,dk,17
2216,1289,12,dk,17
1089,638,11,dk,17
1089,639,11,dk,17
1088,639,11,dk,17
1092,647,11,dk,17
1093,647,11,dk,17
1092,646,11,dk,17
2190,1295,12,dk,17
2183,1279,12,dk,17
2182,1279,12,dk,17
2183,1278,12,dk,17
1084,638,11,dk,17
1085,638,11,dk,17
1084,639,11,dk,17
2188,1290,12,dk,17
2188,1291,12,dk,17
2189,1290,12,dk,17
2156,1298,12,dk,17
2157,1298,12,dk,17
1089,630,11,dk,17
2148,1251,12,dk,17
2149,1251,12,dk,17
2191,1277,12,dk,17
2190,1276,12,dk,17
2190,1277,12,dk,17
2143,1288,12,dk,17
2143,1289,12,dk,17
2180,1261,12,dk,17
2180,1260,12,dk,17
2141,1257,12,dk,17
2141,1256,12,dk,17
2168,1250,12,dk,17
2177,1302,12,dk,17
2177,1303,12,dk,17
2176,1302,12,dk,17
2177,1275,12,dk,17
2176,1275,12,dk,17
2173,1282,12,dk,17
2173,1283,12,dk,17
2172,1282,12,dk,17
2185,1273,12,dk,17
1079,648,11,dk,17
1078,648,11,dk,17
1084,622,11,dk,17
2141,1286,12,dk,17
1071,629,11,dk,17
1071,628,11,dk,17
2143,1253,12,dk,17
2163,1241,12,dk,17
1091,650,11,dk,17
1091,651,11,dk,17
1090,650,11,dk,17
2189,1296,12,dk,17
2188,1296,12,dk,17
2172,1265,12,dk,17
2220,1292,12,dk,17
2220,1293,12,dk,17
2171,1247,12,dk,17
2168,1275,12,dk,17
2193,1284,12,dk,17
2192,1284,12,dk,17
2215,1294,12,dk,17
2190,1296,12,dk,17
2163,1296,12,dk,17
2162,1297,12,dk,17
2162,1296,12,dk,17
1082,641,11,dk,17
1084,619,11,dk,17
2166,1254,12,dk,17
2177,1292,12,dk,17
1110,644,11,dk,17
2194,1284,12,dk,17
1080,648,11,dk,17
2181,1275,12,dk,17
1080,640,11,dk,17
2215,1289,12,dk,17
1107,645,11,dk,17
1096,641,11,dk,17
1084,641,11,dk,17
1059,692,11,derlp,16
1059,693,11,derlp,16
2138,1406,12,derlp,16
2139,1407,12,derlp,16
2139,1406,12,derlp,16
2131,1400,12,derlp,16
2131,1401,12,derlp,16
2130,1400,12,derlp,16
534,345,10,derlp,16
534,344,10,derlp,16
1069,692,11,derlp,16
1068,692,11,derlp,16
1068,693,11,derlp,16
531,348,10,derlp,16
534,347,10,derlp,16
2144,1394,12,derlp,16
2121,1394,12,derlp,16
2120,1395,12,derlp,16
2121,1395,12,derlp,16
1060,691,11,derlp,16
1061,691,11,derlp,16
2135,1406,12,derlp,16
2134,1406,12,derlp,16
2142,1389,12,derlp,16
2143,1389,12,derlp,16
2142,1388,12,derlp,16
2135,1373,12,derlp,16
2135,1372,12,derlp,16
2119,1383,12,derlp,16
1061,698,11,derlp,16
1060,698,11,derlp,16
533,350,10,derlp,16
267,174,9,derlp,16
2124,1396,12,derlp,16
2125,1396,12,derlp,16
2124,1397,12,derlp,16
2131,1376,12,derlp,16
2130,1377,12,derlp,16
2131,1377,12,derlp,16
2142,1406,12,derlp,16
2142,1407,12,derlp,16
2123,1381,12,derlp,16
2122,1381,12,derlp,16
532,345,10,derlp,16
533,344,10,derlp,16
533,345,10,derlp,16
1071,702,11,derlp,16
1070,702,11,derlp,16
1070,703,11,derlp,16
2140,1376,12,derlp,16
2140,1377,12,derlp,16
2132,1375,12,derlp,16
2133,1375,12,derlp,16
1065,701,11,derlp,16
265,173,9,derlp,16
2120,1392,12,derlp,16
2121,1392,12,derlp,16
2121,1393,12,derlp,16
1072,699,11,derlp,16
1065,689,11,derlp,16
1064,689,11,derlp,16
2144,1400,12,derlp,16
2144,1401,12,derlp,16
2129,1377,12,derlp,16
2128,1377,12,derlp,16
266,173,9,derlp,16
1069,687,11,derlp,16
1068,686,11,derlp,16
1068,687,11,derlp,16
2140,1382,12,derlp,16
2140,1383,12,derlp,16
1063,689,11,derlp,16
533,348,10,derlp,16
533,349,10,derlp,16
532,348,10,derlp,16
2119,1392,12,derlp,16
2136,1371,12,derlp,16
2117,1386,12,derlp,16
2117,1387,12,derlp,16
2129,1396,12,derlp,16
2128,1396,12,derlp,16
2129,1397,12,derlp,16
1061,697,11,derlp,16
1061,696,11,derlp,16
2132,1404,12,derlp,16
2133,1404,12,derlp,16
2133,1405,12,derlp,16
2117,1388,12,derlp,16
2117,1389,12,derlp,16
2127,1396,12,derlp,16
2126,1396,12,derlp,16
2144,1393,12,derlp,16
1059,695,11,derlp,16
1059,694,11,derlp,16
1070,695,11,derlp,16
1071,695,11,derlp,16
1070,694,11,derlp,16
2144,1396,12,derlp,16
2144,1397,12,derlp,16
1065,698,11,derlp,16
1065,699,11,derlp,16
534,350,10,derlp,16
535,350,10,derlp,16
2140,1379,12,derlp,16
2140,1378,12,derlp,16
2117,1385,12,derlp,16
2136,1406,12,derlp,16
2137,1406,12,derlp,16
1068,702,11,derlp,16
1069,702,11,derlp,16
2138,1387,12,derlp,16
2138,1386,12,derlp,16
2117,1390,12,derlp,16
2125,1379,12,derlp,16
531,345,10,derlp,16
2144,1402,12,derlp,16
1067,687,11,derlp,16
2131,1404,12,derlp,16
1067,702,11,derlp,16
2140,1384,12,derlp,16
2138,1373,12,derlp,16
2260,1554,12,tinitaly,13
270,181,9,tinitaly,13
271,181,9,tinitaly,13
269,181,9,tinitaly,13
2165,1441,12,tinitaly,13
267,182,9,tinitaly,13
267,183,9,tinitaly,13
266,183,9,tinitaly,13
133,92,8,tinitaly,13
135,91,8,tinitaly,13
134,91,8,tinitaly,13
1103,796,11,tinitaly,13
1102,796,11,tinitaly,13
2195,1592,12,tinitaly,13
2200,1486,12,tinitaly,13
2200,1487,12,tinitaly,13
2197,1569,12,tinitaly,13
548,361,10,tinitaly,13
277,193,9,tinitaly,13
277,192,9,tinitaly,13
2125,1480,12,tinitaly,13
2125,1481,12,tinitaly,13
2173,1440,12,tinitaly,13
2173,1441,12,tinitaly,13
2172,1441,12,tinitaly,13
2221,1567,12,tinitaly,13
2220,1567,12,tinitaly,13
2223,1554,12,tinitaly,13
2223,1555,12,tinitaly,13
2158,1561,12,tinitaly,13
2158,1560,12,tinitaly,13
1101,770,11,tinitaly,13
1100,770,11,tinitaly,13
2156,1488,12,tinitaly,13
2157,1489,12,tinitaly,13
2157,1488,12,tinitaly,13
1078,782,11,tinitaly,13
1078,783,11,tinitaly,13
273,190,9,tinitaly,13
550,362,10,tinitaly,13
550,363,10,tinitaly,13
1090,719,11,tinitaly,13
1091,719,11,tinitaly,13
532,365,10,tinitaly,13
533,365,10,tinitaly,13
555,379,10,tinitaly,13
554,379,10,tinitaly,13
1095,764,11,tinitaly,13
1095,765,11,tinitaly,13
554,399,10,tinitaly,13
555,398,10,tinitaly,13
554,398,10,tinitaly,13
2193,1538,12,tinitaly,13
2193,1539,12,tinitaly,13
535,363,10,tinitaly,13
534,363,10,tinitaly,13
2123,1476,12,tinitaly,13
2123,1477,12,tinitaly,13
2159,1502,12,tinitaly,13
2159,1503,12,tinitaly,13
2135,1457,12,tinitaly,13
2134,1457,12,tinitaly,13
2135,1456,12,tinitaly,13
2157,1492,12,tinitaly,13
1116,758,11,tinitaly,13
1116,759,11,tinitaly,13
280,192,9,tinitaly,13
280,193,9,tinitaly,13
281,193,9,tinitaly,13
2244,1565,12,tinitaly,13
2244,1564,12,tinitaly,13
531,366,10,tinitaly,13
531,367,10,tinitaly,13
2184,1577,12,tinitaly,13
2185,1577,12,tinitaly,13
546,360,10,tinitaly,13
546,361,10,tinitaly,13
547,361,10,tinitaly,13
1089,758,11,tinitaly,13
1088,758,11,tinitaly,13
1089,759,11,tinitaly,13
1110,794,11,tinitaly,13
1110,795,11,tinitaly,13
1111,795,11,tinitaly,13
2204,1456,12,tinitaly,13
2205,1457,12,tinitaly,13
2204,1457,12,tinitaly,13
1066,746,11,tinitaly,13
1067,746,11,tinitaly,13
2177,1519,12,tinitaly,13
2177,1518,12,tinitaly,13
1089,760,11,tinitaly,13
274,186,9,tinitaly,13
274,187,9,tinitaly,13
1076,765,11,tinitaly,13
1077,765,11,tinitaly,13
2141,1548,12,tinitaly,13
2141,1549,12,tinitaly,13
540,361,10,tinitaly,13
541,361,10,tinitaly,13
553,385,10,tinitaly,13
552,384,10,tinitaly,13
553,384,10,tinitaly,13
2200,1491,12,tinitaly,13
2200,1490,12,tinitaly,13
2127,1489,12,tinitaly,13
2127,1488,12,tinitaly,13
1097,769,11,tinitaly,13
1097,768,11,tinitaly,13
274,197,9,tinitaly,13
275,197,9,tinitaly,13
2184,1528,12,tinitaly,13
2185,1528,12,tinitaly,13
1090,760,11,tinitaly,13
1091,760,11,tinitaly,13
2160,1546,12,tinitaly,13
2160,1547,12,tinitaly,13
2125,1460,12,tinitaly,13
2125,1461,12,tinitaly,13
1063,739,11,tinitaly,13
1063,738,11,tinitaly,13
1062,738,11,tinitaly,13
2202,1446,12,tinitaly,13
2202,1447,12,tinitaly,13
2203,1447,12,tinitaly,13
1117,788,11,tinitaly,13
1116,788,11,tinitaly,13
1116,789,11,tinitaly,13
1092,789,11,tinitaly,13
1093,789,11,tinitaly,13
1118,765,11,tinitaly,13
1084,721,11,tinitaly,13
1085,721,11,tinitaly,13
2234,1581,12,tinitaly,13
2234,1580,12,tinitaly,13
1096,721,11,tinitaly,13
1097,721,11,tinitaly,13
542,361,10,tinitaly,13
543,361,10,tinitaly,13
560,390,10,tinitaly,13
560,391,10,tinitaly,13
274,181,9,tinitaly,13
1065,729,11,tinitaly,13
1064,729,11,tinitaly,13
2141,1449,12,tinitaly,13
2140,1449,12,tinitaly,13
1095,767,11,tinitaly,13
1095,766,11,tinitaly,13
273,181,9,tinitaly,13
272,180,9,tinitaly,13
272,181,9,tinitaly,13
2254,1554,12,tinitaly,13
2255,1554,12,tinitaly,13
1074,744,11,tinitaly,13
1127,776,11,tinitaly,13
1126,776,11,tinitaly,13
2123,1465,12,tinitaly,13
2123,1464,12,tinitaly,13
2158,1492,12,tinitaly,13
2159,1492,12,tinitaly,13
2206,1464,12,tinitaly,13
1063,729,11,tinitaly,13
1087,720,11,tinitaly,13
1086,721,11,tinitaly,13
1087,721,11,tinitaly,13
2207,1594,12,tinitaly,13
2207,1595,12,tinitaly,13
2185,1595,12,tinitaly,13
2184,1595,12,tinitaly,13
2146,1533,12,tinitaly,13
2147,1533,12,tinitaly,13
1092,798,11,tinitaly,13
1092,799,11,tinitaly,13
2194,1609,12,tinitaly,13
2195,1609,12,tinitaly,13
557,394,10,tinitaly,13
556,394,10,tinitaly,13
556,395,10,tinitaly,13
2258,1540,12,tinitaly,13
2258,1541,12,tinitaly,13
2143,1557,12,tinitaly,13
2143,1556,12,tinitaly,13
1070,767,11,tinitaly,13
1071,767,11,tinitaly,13
2204,1448,12,tinitaly,13
2204,1449,12,tinitaly,13
1106,755,11,tinitaly,13
1106,754,11,tinitaly,13
2159,1512,12,tinitaly,13
2159,1513,12,tinitaly,13
2253,1539,12,tinitaly,13
2252,1539,12,tinitaly,13
536,363,10,tinitaly,13
537,363,10,tinitaly,13
2216,1569,12,tinitaly,13
2217,1569,12,tinitaly,13
2157,1446,12,tinitaly,13
2157,1447,12,tinitaly,13
1066,729,11,tinitaly,13
1067,729,11,tinitaly,13
2150,1488,12,tinitaly,13
2151,1488,12,tinitaly,13
2150,1489,12,tinitaly,13
1096,743,11,tinitaly,13
1097,743,11,tinitaly,13
1096,742,11,tinitaly,13
2192,1472,12,tinitaly,13
2193,1472,12,tinitaly,13
276,197,9,tinitaly,13
277,197,9,tinitaly,13
2138,1449,12,tinitaly,13
2139,1449,12,tinitaly,13
2188,1616,12,tinitaly,13
2189,1616,12,tinitaly,13
2245,1531,12,tinitaly,13
2244,1531,12,tinitaly,13
2171,1441,12,tinitaly,13
2170,1441,12,tinitaly,13
136,92,8,tinitaly,13
136,93,8,tinitaly,13
2141,1492,12,tinitaly,13
2140,1492,12,tinitaly,13
2206,1495,12,tinitaly,13
2206,1494,12,tinitaly,13
137,95,8,tinitaly,13
137,94,8,tinitaly,13
549,396,10,tinitaly,13
548,396,10,tinitaly,13
549,397,10,tinitaly,13
2158,1554,12,tinitaly,13
2159,1554,12,tinitaly,13
2158,1555,12,tinitaly,13
1128,772,11,tinitaly,13
1128,773,11,tinitaly,13
1129,773,11,tinitaly,13
1106,785,11,tinitaly,13
1107,785,11,tinitaly,13
2222,1589,12,tinitaly,13
2223,1589,12,tinitaly,13
541,378,10,tinitaly,13
2223,1556,12,tinitaly,13
2223,1557,12,tinitaly,13
2141,1560,12,tinitaly,13
2141,1561,12,tinitaly,13
2198,1592,12,tinitaly,13
2199,1592,12,tinitaly,13
1074,725,11,tinitaly,13
1075,724,11,tinitaly,13
1075,725,11,tinitaly,13
2260,1549,12,tinitaly,13
2260,1548,12,tinitaly,13
2234,1523,12,tinitaly,13
531,368,10,tinitaly,13
2123,1468,12,tinitaly,13
2123,1469,12,tinitaly,13
2159,1504,12,tinitaly,13
2159,1505,12,tinitaly,13
1105,771,11,tinitaly,13
1104,770,11,tinitaly,13
1105,770,11,tinitaly,13
2183,1597,12,tinitaly,13
2183,1596,12,tinitaly,13
134,92,8,tinitaly,13
135,93,8,tinitaly,13
135,92,8,tinitaly,13
1072,725,11,tinitaly,13
1073,725,11,tinitaly,13
1116,760,11,tinitaly,13
1116,761,11,tinitaly,13
2141,1533,12,tinitaly,13
2227,1564,12,tinitaly,13
557,379,10,tinitaly,13
556,379,10,tinitaly,13
1096,735,11,tinitaly,13
1096,734,11,tinitaly,13
559,383,10,tinitaly,13
558,383,10,tinitaly,13
553,379,10,tinitaly,13
552,378,10,tinitaly,13
552,379,10,tinitaly,13
2193,1609,12,tinitaly,13
2143,1554,12,tinitaly,13
2143,1555,12,tinitaly,13
2142,1554,12,tinitaly,13
558,392,10,tinitaly,13
559,392,10,tinitaly,13
558,393,10,tinitaly,13
275,198,9,tinitaly,13
2244,1567,12,tinitaly,13
2244,1566,12,tinitaly,13
550,374,10,tinitaly,13
551,375,10,tinitaly,13
550,375,10,tinitaly,13
538,390,10,tinitaly,13
538,391,10,tinitaly,13
1063,740,11,tinitaly,13
1063,741,11,tinitaly,13
1072,744,11,tinitaly,13
1073,744,11,tinitaly,13
2141,1553,12,tinitaly,13
2141,1552,12,tinitaly,13
1078,776,11,tinitaly,13
1079,776,11,tinitaly,13
1078,777,11,tinitaly,13
1078,766,11,tinitaly,13
1078,767,11,tinitaly,13
1079,767,11,tinitaly,13
2228,1582,12,tinitaly,13
2229,1582,12,tinitaly,13
2228,1583,12,tinitaly,13
1079,722,11,tinitaly,13
1079,723,11,tinitaly,13
2123,1471,12,tinitaly,13
2123,1470,12,tinitaly,13
554,393,10,tinitaly,13
555,393,10,tinitaly,13
1128,770,11,tinitaly,13
1128,771,11,tinitaly,13
1115,790,11,tinitaly,13
1114,790,11,tinitaly,13
1065,746,11,tinitaly,13
1064,746,11,tinitaly,13
1092,790,11,tinitaly,13
1093,790,11,tinitaly,13
562,384,10,tinitaly,13
563,385,10,tinitaly,13
562,385,10,tinitaly,13
2204,1450,12,tinitaly,13
2204,1451,12,tinitaly,13
2259,1554,12,tinitaly,13
2258,1554,12,tinitaly,13
2258,1542,12,tinitaly,13
2258,1543,12,tinitaly,13
2125,1482,12,tinitaly,13
2125,1483,12,tinitaly,13
1102,748,11,tinitaly,13
1102,749,11,tinitaly,13
535,384,10,tinitaly,13
535,385,10,tinitaly,13
1118,787,11,tinitaly,13
1118,786,11,tinitaly,13
1071,781,11,tinitaly,13
1071,780,11,tinitaly,13
1069,725,11,tinitaly,13
1068,725,11,tinitaly,13
1063,731,11,tinitaly,13
1063,730,11,tinitaly,13
534,372,10,tinitaly,13
535,372,10,tinitaly,13
2131,1457,12,tinitaly,13
2130,1457,12,tinitaly,13
1095,789,11,tinitaly,13
1094,789,11,tinitaly,13
1095,788,11,tinitaly,13
2256,1539,12,tinitaly,13
2257,1539,12,tinitaly,13
270,188,9,tinitaly,13
271,188,9,tinitaly,13
2160,1541,12,tinitaly,13
2160,1540,12,tinitaly,13
2206,1496,12,tinitaly,13
2206,1497,12,tinitaly,13
557,391,10,tinitaly,13
557,390,10,tinitaly,13
2190,1616,12,tinitaly,13
2191,1616,12,tinitaly,13
1128,776,11,tinitaly,13
1129,776,11,tinitaly,13
2146,1449,12,tinitaly,13
2147,1449,12,tinitaly,13
2141,1562,12,tinitaly,13
2141,1563,12,tinitaly,13
2183,1580,12,tinitaly,13
2183,1581,12,tinitaly,13
547,395,10,tinitaly,13
2148,1533,12,tinitaly,13
2149,1533,12,tinitaly,13
2187,1614,12,tinitaly,13
2187,1615,12,tinitaly,13
2194,1468,12,tinitaly,13
2194,1469,12,tinitaly,13
2206,1458,12,tinitaly,13
2206,1459,12,tinitaly,13
2234,1527,12,tinitaly,13
2234,1526,12,tinitaly,13
2127,1491,12,tinitaly,13
2127,1490,12,tinitaly,13
1097,805,11,tinitaly,13
2200,1493,12,tinitaly,13
2201,1493,12,tinitaly,13
2200,1492,12,tinitaly,13
268,194,9,tinitaly,13
268,195,9,tinitaly,13
2129,1457,12,tinitaly,13
2128,1457,12,tinitaly,13
1108,785,11,tinitaly,13
1109,785,11,tinitaly,13
2218,1569,12,tinitaly,13
2219,1569,12,tinitaly,13
2219,1568,12,tinitaly,13
1095,721,11,tinitaly,13
1094,721,11,tinitaly,13
1120,784,11,tinitaly,13
1120,785,11,tinitaly,13
2159,1509,12,tinitaly,13
2159,1508,12,tinitaly,13
1102,729,11,tinitaly,13
2193,1588,12,tinitaly,13
2192,1588,12,tinitaly,13
564,387,10,tinitaly,13
2186,1597,12,tinitaly,13
2186,1596,12,tinitaly,13
2143,1492,12,tinitaly,13
2142,1492,12,tinitaly,13
2135,1451,12,tinitaly,13
2135,1450,12,tinitaly,13
2183,1599,12,tinitaly,13
2183,1598,12,tinitaly,13
1099,723,11,tinitaly,13
1098,723,11,tinitaly,13
1117,765,11,tinitaly,13
1116,764,11,tinitaly,13
1116,765,11,tinitaly,13
2195,1591,12,tinitaly,13
2195,1590,12,tinitaly,13
2244,1559,12,tinitaly,13
2244,1558,12,tinitaly,13
2216,1515,12,tinitaly,13
2217,1515,12,tinitaly,13
279,195,9,tinitaly,13
279,194,9,tinitaly,13
274,182,9,tinitaly,13
2223,1553,12,tinitaly,13
2223,1552,12,tinitaly,13
2141,1567,12,tinitaly,13
2141,1566,12,tinitaly,13
272,188,9,tinitaly,13
273,189,9,tinitaly,13
273,188,9,tinitaly,13
2255,1539,12,tinitaly,13
2254,1539,12,tinitaly,13
1075,765,11,tinitaly,13
2143,1533,12,tinitaly,13
2142,1533,12,tinitaly,13
2193,1536,12,tinitaly,13
2193,1537,12,tinitaly,13
2123,1463,12,tinitaly,13
2159,1501,12,tinitaly,13
2159,1500,12,tinitaly,13
550,384,10,tinitaly,13
551,384,10,tinitaly,13
2209,1575,12,tinitaly,13
2208,1575,12,tinitaly,13
2155,1488,12,tinitaly,13
2154,1488,12,tinitaly,13
2227,1559,12,tinitaly,13
2227,1558,12,tinitaly,13
2133,1457,12,tinitaly,13
2132,1457,12,tinitaly,13
1105,787,11,tinitaly,13
1105,786,11,tinitaly,13
2186,1577,12,tinitaly,13
2187,1577,12,tinitaly,13
2243,1531,12,tinitaly,13
2242,1531,12,tinitaly,13
134,96,8,tinitaly,13
2238,1531,12,tinitaly,13
2239,1531,12,tinitaly,13
2238,1530,12,tinitaly,13
1093,719,11,tinitaly,13
1092,719,11,tinitaly,13
560,388,10,tinitaly,13
560,389,10,tinitaly,13
2249,1552,12,tinitaly,13
2249,1553,12,tinitaly,13
1112,778,11,tinitaly,13
1113,778,11,tinitaly,13
1079,745,11,tinitaly,13
1079,744,11,tinitaly,13
532,372,10,tinitaly,13
533,372,10,tinitaly,13
2167,1441,12,tinitaly,13
2166,1441,12,tinitaly,13
554,396,10,tinitaly,13
554,397,10,tinitaly,13
2160,1544,12,tinitaly,13
2160,1545,12,tinitaly,13
2125,1458,12,tinitaly,13
2125,1459,12,tinitaly,13
549,384,10,tinitaly,13
2204,1454,12,tinitaly,13
2204,1455,12,tinitaly,13
2197,1592,12,tinitaly,13
2196,1592,12,tinitaly,13
2230,1582,12,tinitaly,13
2231,1582,12,tinitaly,13
2252,1554,12,tinitaly,13
2253,1554,12,tinitaly,13
556,393,10,tinitaly,13
557,392,10,tinitaly,13
557,393,10,tinitaly,13
1103,770,11,tinitaly,13
1102,770,11,tinitaly,13
550,365,10,tinitaly,13
550,364,10,tinitaly,13
2194,1471,12,tinitaly,13
2194,1470,12,tinitaly,13
2206,1463,12,tinitaly,13
2206,1462,12,tinitaly,13
2234,1528,12,tinitaly,13
2234,1529,12,tinitaly,13
1111,785,11,tinitaly,13
1110,784,11,tinitaly,13
1110,785,11,tinitaly,13
2125,1479,12,tinitaly,13
2124,1478,12,tinitaly,13
2125,1478,12,tinitaly,13
2159,1510,12,tinitaly,13
2159,1511,12,tinitaly,13
2158,1559,12,tinitaly,13
2158,1558,12,tinitaly,13
2224,1515,12,tinitaly,13
2225,1515,12,tinitaly,13
1078,780,11,tinitaly,13
1078,781,11,tinitaly,13
1071,774,11,tinitaly,13
1071,775,11,tinitaly,13
1096,741,11,tinitaly,13
1096,740,11,tinitaly,13
2197,1540,12,tinitaly,13
2197,1541,12,tinitaly,13
542,378,10,tinitaly,13
543,378,10,tinitaly,13
2123,1474,12,tinitaly,13
2123,1475,12,tinitaly,13
2135,1454,12,tinitaly,13
2135,1455,12,tinitaly,13
2157,1490,12,tinitaly,13
2157,1491,12,tinitaly,13
2233,1582,12,tinitaly,13
2232,1582,12,tinitaly,13
2244,1562,12,tinitaly,13
2244,1563,12,tinitaly,13
2148,1449,12,tinitaly,13
2149,1449,12,tinitaly,13
1110,792,11,tinitaly,13
1110,793,11,tinitaly,13
1101,747,11,tinitaly,13
1100,747,11,tinitaly,13
2186,1598,12,tinitaly,13
2186,1599,12,tinitaly,13
2202,1493,12,tinitaly,13
2203,1493,12,tinitaly,13
2221,1515,12,tinitaly,13
2220,1515,12,tinitaly,13
1071,782,11,tinitaly,13
1071,783,11,tinitaly,13
2200,1488,12,tinitaly,13
2200,1489,12,tinitaly,13
2127,1486,12,tinitaly,13
2127,1487,12,tinitaly,13
2260,1546,12,tinitaly,13
2260,1547,12,tinitaly,13
1083,721,11,tinitaly,13
1082,721,11,tinitaly,13
2195,1588,12,tinitaly,13
2194,1588,12,tinitaly,13
2195,1589,12,tinitaly,13
2234,1578,12,tinitaly,13
2234,1579,12,tinitaly,13
2227,1562,12,tinitaly,13
2227,1563,12,tinitaly,13
1096,732,11,tinitaly,13
1096,733,11,tinitaly,13
1097,732,11,tinitaly,13
2177,1520,12,tinitaly,13
2177,1521,12,tinitaly,13
2218,1515,12,tinitaly,13
2219,1515,12,tinitaly,13
2242,1570,12,tinitaly,13
2242,1571,12,tinitaly,13
2171,1516,12,tinitaly,13
2171,1517,12,tinitaly,13
2142,1449,12,tinitaly,13
2143,1449,12,tinitaly,13
2141,1550,12,tinitaly,13
2141,1551,12,tinitaly,13
138,95,8,tinitaly,13
2157,1444,12,tinitaly,13
2157,1445,12,tinitaly,13
1079,721,11,tinitaly,13
2209,1542,12,tinitaly,13
2208,1542,12,tinitaly,13
538,388,10,tinitaly,13
538,389,10,tinitaly,13
2125,1462,12,tinitaly,13
2125,1463,12,tinitaly,13
2124,1463,12,tinitaly,13
1122,767,11,tinitaly,13
1123,767,11,tinitaly,13
1122,766,11,tinitaly,13
136,91,8,tinitaly,13
560,383,10,tinitaly,13
276,199,9,tinitaly,13
276,198,9,tinitaly,13
2123,1466,12,tinitaly,13
2123,1467,12,tinitaly,13
2222,1596,12,tinitaly,13
2223,1596,12,tinitaly,13
1106,756,11,tinitaly,13
1106,757,11,tinitaly,13
556,388,10,tinitaly,13
557,389,10,tinitaly,13
557,388,10,tinitaly,13
1091,788,11,tinitaly,13
2205,1464,12,tinitaly,13
2204,1464,12,tinitaly,13
2226,1515,12,tinitaly,13
2194,1466,12,tinitaly,13
2194,1467,12,tinitaly,13
2251,1554,12,tinitaly,13
2250,1554,12,tinitaly,13
2125,1485,12,tinitaly,13
2125,1484,12,tinitaly,13
1099,770,11,tinitaly,13
545,378,10,tinitaly,13
545,379,10,tinitaly,13
544,378,10,tinitaly,13
2160,1542,12,tinitaly,13
2160,1543,12,tinitaly,13
2135,1449,12,tinitaly,13
1116,763,11,tinitaly,13
1116,762,11,tinitaly,13
2244,1568,12,tinitaly,13
2244,1557,12,tinitaly,13
2143,1558,12,tinitaly,13
2143,1559,12,tinitaly,13
1110,798,11,tinitaly,13
1110,799,11,tinitaly,13
1063,742,11,tinitaly,13
2241,1531,12,tinitaly,13
2240,1531,12,tinitaly,13
2137,1492,12,tinitaly,13
2136,1493,12,tinitaly,13
2136,1492,12,tinitaly,13
2135,1452,12,tinitaly,13
2135,1453,12,tinitaly,13
1101,796,11,tinitaly,13
2183,1578,12,tinitaly,13
2183,1579,12,tinitaly,13
139,96,8,tinitaly,13
2206,1457,12,tinitaly,13
2234,1524,12,tinitaly,13
2234,1525,12,tinitaly,13
2244,1560,12,tinitaly,13
2244,1561,12,tinitaly,13
2186,1528,12,tinitaly,13
2187,1528,12,tinitaly,13
2219,1567,12,tinitaly,13
1100,723,11,tinitaly,13
2159,1506,12,tinitaly,13
2159,1507,12,tinitaly,13
2204,1453,12,tinitaly,13
2204,1452,12,tinitaly,13
535,386,10,tinitaly,13
2193,1611,12,tinitaly,13
2193,1610,12,tinitaly,13
1125,767,11,tinitaly,13
1124,767,11,tinitaly,13
2260,1550,12,tinitaly,13
2260,1551,12,tinitaly,13
1075,766,11,tinitaly,13
1075,767,11,tinitaly,13
1074,767,11,tinitaly,13
1099,743,11,tinitaly,13
1098,743,11,tinitaly,13
1099,732,11,tinitaly,13
1098,732,11,tinitaly,13
2145,1533,12,tinitaly,13
2144,1533,12,tinitaly,13
2127,1492,12,tinitaly,13
2127,1493,12,tinitaly,13
1102,730,11,tinitaly,13
1102,731,11,tinitaly,13
2158,1556,12,tinitaly,13
2158,1557,12,tinitaly,13
2141,1564,12,tinitaly,13
2141,1565,12,tinitaly,13
2242,1568,12,tinitaly,13
2243,1568,12,tinitaly,13
2242,1569,12,tinitaly,13
547,396,10,tinitaly,13
1078,779,11,tinitaly,13
1078,778,11,tinitaly,13
2123,1472,12,tinitaly,13
2123,1473,12,tinitaly,13
1080,756,11,tinitaly,13
1081,756,11,tinitaly,13
2260,1552,12,tinitaly,13
2260,1553,12,tinitaly,13
1118,788,11,tinitaly,13
2201,1593,12,tinitaly,13
2200,1592,12,tinitaly,13
2201,1592,12,tinitaly,13
2205,1542,12,tinitaly,13
2204,1542,12,tinitaly,13
538,383,10,tinitaly,13
2203,1464,12,tinitaly,13
2202,1464,12,tinitaly,13
2215,1569,12,tinitaly,13
2206,1498,12,tinitaly,13
2206,1499,12,tinitaly,13
278,190,9,tinitaly,13
278,191,9,tinitaly,13
2168,1441,12,tinitaly,13
2169,1441,12,tinitaly,13
2205,1493,12,tinitaly,13
2204,1493,12,tinitaly,13
1072,767,11,tinitaly,13
1073,767,11,tinitaly,13
2244,1552,12,tinitaly,13
2206,1460,12,tinitaly,13
2206,1461,12,tinitaly,13
2198,1569,12,tinitaly,13
2157,1443,12,tinitaly,13
2157,1442,12,tinitaly,13
2189,1576,12,tinitaly,13
2189,1577,12,tinitaly,13
2188,1577,12,tinitaly,13
2189,1528,12,tinitaly,13
2188,1528,12,tinitaly,13
2136,1449,12,tinitaly,13
2137,1449,12,tinitaly,13
2204,1447,12,tinitaly,13
2258,1539,12,tinitaly,13
2222,1569,12,tinitaly,13
2223,1515,12,tinitaly,13
2222,1515,12,tinitaly,13
2227,1560,12,tinitaly,13
2227,1561,12,tinitaly,13
2145,1449,12,tinitaly,13
2144,1449,12,tinitaly,13
553,393,10,tinitaly,13
2257,1554,12,tinitaly,13
2256,1554,12,tinitaly,13
1113,785,11,tinitaly,13
1112,785,11,tinitaly,13
2194,1472,12,tinitaly,13
2207,1542,12,tinitaly,13
2206,1542,12,tinitaly,13
1080,721,11,tinitaly,13
1081,721,11,tinitaly,13
1071,776,11,tinitaly,13
1086,758,11,tinitaly,13
1087,758,11,tinitaly,13
2206,1493,12,tinitaly,13
1078,765,11,tinitaly,13
2189,1588,12,tinitaly,13
2188,1588,12,tinitaly,13
2214,1515,12,tinitaly,13
2215,1515,12,tinitaly,13
2183,1595,12,tinitaly,13
1116,790,11,tinitaly,13
1095,807,11,tinitaly,13
1094,807,11,tinitaly,13
2234,1582,12,tinitaly,13
1102,747,11,tinitaly,13
2123,1478,12,tinitaly,13
1100,732,11,tinitaly,13
552,377,10,tinitaly,13
1125,776,11,tinitaly,13
2258,1545,12,tinitaly,13
2258,1544,12,tinitaly,13
2190,1588,12,tinitaly,13
2191,1588,12,tinitaly,13
2186,1595,12,tinitaly,13
2141,1554,12,tinitaly,13
2187,1616,12,tinitaly,13
2152,1488,12,tinitaly,13
2153,1488,12,tinitaly,13
2159,1499,12,tinitaly,13
1070,725,11,tinitaly,13
1071,725,11,tinitaly,13
2139,1492,12,tinitaly,13
2138,1492,12,tinitaly,13
551,399,10,tinitaly,13
2249,1554,12,tinitaly,13
1105,785,11,tinitaly,13
1096,739,11,tinitaly,13
270,180,9,at10,13
271,180,9,at10,13
68,44,7,at10,13
69,44,7,at10,13
550,351,10,at10,13
551,351,10,at10,13
274,180,9,at10,13
275,180,9,at10,13
135,88,8,at10,13
135,89,8,at10,13
560,355,10,at10,13
560,354,10,at10,13
539,358,10,at10,13
539,359,10,at10,13
550,362,10,at10,13
551,362,10,at10,13
1083,726,11,at10,13
1082,726,11,at10,13
2244,1418,12,at10,13
2244,1419,12,at10,13
547,351,10,at10,13
546,351,10,at10,13
560,361,10,at10,13
560,360,10,at10,13
1103,726,11,at10,13
1102,726,11,at10,13
2165,1403,12,at10,13
2164,1403,12,at10,13
2205,1403,12,at10,13
2204,1403,12,at10,13
558,362,10,at10,13
559,362,10,at10,13
2244,1448,12,at10,13
2244,1449,12,at10,13
540,351,10,at10,13
541,351,10,at10,13
2224,1403,12,at10,13
2225,1403,12,at10,13
1077,706,11,at10,13
1077,707,11,at10,13
539,362,10,at10,13
272,180,9,at10,13
273,180,9,at10,13
2189,1403,12,at10,13
2188,1403,12,at10,13
2173,1403,12,at10,13
2172,1403,12,at10,13
2244,1431,12,at10,13
2244,1430,12,at10,13
1080,726,11,at10,13
1081,726,11,at10,13
2171,1403,12,at10,13
2170,1403,12,at10,13
1078,726,11,at10,13
1079,726,11,at10,13
2234,1403,12,at10,13
2235,1403,12,at10,13
554,362,10,at10,13
555,362,10,at10,13
1077,714,11,at10,13
1077,715,11,at10,13
547,362,10,at10,13
546,362,10,at10,13
2157,1403,12,at10,13
2156,1403,12,at10,13
1077,718,11,at10,13
1077,719,11,at10,13
548,351,10,at10,13
549,351,10,at10,13
2180,1403,12,at10,13
2181,1403,12,at10,13
2244,1403,12,at10,13
539,356,10,at10,13
539,357,10,at10,13
2219,1403,12,at10,13
2218,1403,12,at10,13
2162,1403,12,at10,13
2163,1403,12,at10,13
2226,1403,12,at10,13
2227,1403,12,at10,13
2244,1432,12,at10,13
2244,1433,12,at10,13
1085,726,11,at10,13
1084,726,11,at10,13
540,362,10,at10,13
541,362,10,at10,13
2202,1403,12,at10,13
2203,1403,12,at10,13
2244,1407,12,at10,13
2244,1406,12,at10,13
2190,1403,12,at10,13
2191,1403,12,at10,13
2243,1403,12,at10,13
2242,1403,12,at10,13
557,351,10,at10,13
556,351,10,at10,13
1077,720,11,at10,13
1077,721,11,at10,13
2244,1415,12,at10,13
2244,1414,12,at10,13
539,351,10,at10,13
2211,1403,12,at10,13
2210,1403,12,at10,13
552,362,10,at10,13
553,362,10,at10,13
2209,1403,12,at10,13
2208,1403,12,at10,13
1077,725,11,at10,13
1077,724,11,at10,13
2194,1403,12,at10,13
2195,1403,12,at10,13
1117,726,11,at10,13
1116,726,11,at10,13
2177,1403,12,at10,13
2176,1403,12,at10,13
1099,726,11,at10,13
1098,726,11,at10,13
2244,1416,12,at10,13
2244,1417,12,at10,13
1086,726,11,at10,13
1087,726,11,at10,13
560,358,10,at10,13
560,359,10,at10,13
279,180,9,at10,13
278,180,9,at10,13
1077,704,11,at10,13
1077,705,11,at10,13
2228,1403,12,at10,13
2229,1403,12,at10,13
539,361,10,at10,13
539,360,10,at10,13
1106,726,11,at10,13
1107,726,11,at10,13
2244,1450,12,at10,13
2244,1451,12,at10,13
548,362,10,at10,13
549,362,10,at10,13
2236,1403,12,at10,13
2237,1403,12,at10,13
2221,1403,12,at10,13
2220,1403,12,at10,13
2244,1423,12,at10,13
2244,1422,12,at10,13
2244,1404,12,at10,13
2244,1405,12,at10,13
1109,726,11,at10,13
1108,726,11,at10,13
544,362,10,at10,13
545,362,10,at10,13
2244,1434,12,at10,13
2244,1435,12,at10,13
2186,1403,12,at10,13
2187,1403,12,at10,13
2174,1403,12,at10,13
2175,1403,12,at10,13
2159,1403,12,at10,13
2158,1403,12,at10,13
1101,726,11,at10,13
1100,726,11,at10,13
2238,1403,12,at10,13
2239,1403,12,at10,13
2244,1437,12,at10,13
2244,1436,12,at10,13
539,353,10,at10,13
539,352,10,at10,13
1077,723,11,at10,13
1077,722,11,at10,13
2207,1403,12,at10,13
2206,1403,12,at10,13
2244,1446,12,at10,13
2244,1447,12,at10,13
560,351,10,at10,13
1077,703,11,at10,13
1077,702,11,at10,13
2230,1403,12,at10,13
2231,1403,12,at10,13
560,353,10,at10,13
560,352,10,at10,13
554,351,10,at10,13
555,351,10,at10,13
542,351,10,at10,13
543,351,10,at10,13
2213,1403,12,at10,13
2212,1403,12,at10,13
2197,1403,12,at10,13
2196,1403,12,at10,13
2244,1420,12,at10,13
2244,1421,12,at10,13
1118,726,11,at10,13
1119,726,11,at10,13
2222,1403,12,at10,13
2223,1403,12,at10,13
276,180,9,at10,13
277,180,9,at10,13
2244,1453,12,at10,13
2244,1452,12,at10,13
560,356,10,at10,13
560,357,10,at10,13
1077,709,11,at10,13
1077,708,11,at10,13
2233,1403,12,at10,13
2232,1403,12,at10,13
1095,726,11,at10,13
1094,726,11,at10,13
2214,1403,12,at10,13
2215,1403,12,at10,13
2244,1424,12,at10,13
2244,1425,12,at10,13
1092,726,11,at10,13
1093,726,11,at10,13
2198,1403,12,at10,13
2199,1403,12,at10,13
1120,726,11,at10,13
1121,726,11,at10,13
1077,710,11,at10,13
1077,711,11,at10,13
1112,726,11,at10,13
1113,726,11,at10,13
2182,1403,12,at10,13
2183,1403,12,at10,13
1111,726,11,at10,13
1110,726,11,at10,13
2244,1409,12,at10,13
2244,1408,12,at10,13
558,351,10,at10,13
559,351,10,at10,13
2244,1438,12,at10,13
2244,1439,12,at10,13
2244,1410,12,at10,13
2244,1411,12,at10,13
2216,1403,12,at10,13
2217,1403,12,at10,13
1077,726,11,at10,13
2244,1445,12,at10,13
2244,1444,12,at10,13
1097,726,11,at10,13
1096,726,11,at10,13
2244,1426,12,at10,13
2244,1427,12,at10,13
552,351,10,at10,13
553,351,10,at10,13
1104,726,11,at10,13
1105,726,11,at10,13
2167,1403,12,at10,13
2166,1403,12,at10,13
1077,712,11,at10,13
1077,713,11,at10,13
1089,726,11,at10,13
1088,726,11,at10,13
2244,1429,12,at10,13
2244,1428,12,at10,13
2201,1403,12,at10,13
2200,1403,12,at10,13
2184,1403,12,at10,13
2185,1403,12,at10,13
2160,1403,12,at10,13
2161,1403,12,at10,13
2244,1440,12,at10,13
2244,1441,12,at10,13
539,355,10,at10,13
539,354,10,at10,13
542,362,10,at10,13
543,362,10,at10,13
2193,1403,12,at10,13
2192,1403,12,at10,13
2244,1412,12,at10,13
2244,1413,12,at10,13
1114,726,11,at10,13
1115,726,11,at10,13
2155,1403,12,at10,13
2154,1403,12,at10,13
545,351,10,at10,13
544,351,10,at10,13
2244,1442,12,at10,13
2244,1443,12,at10,13
2168,1403,12,at10,13
2169,1403,12,at10,13
1091,726,11,at10,13
1090,726,11,at10,13
2241,1403,12,at10,13
2240,1403,12,at10,13
560,362,10,at10,13
1077,717,11,at10,13
1077,716,11,at10,13
2179,1403,12,at10,13
2178,1403,12,at10,13
557,362,10,at10,13
556,362,10,at10,13
137,87,8,cz,14
137,86,8,cz,14
562,343,10,cz,14
563,343,10,cz,14
69,43,7,cz,14
273,175,9,cz,14
273,174,9,cz,14
273,172,9,cz,14
273,173,9,cz,14
1118,685,11,cz,14
1119,685,11,cz,14
277,176,9,cz,14
276,176,9,cz,14
280,176,9,cz,14
281,176,9,cz,14
274,176,9,cz,14
275,176,9,cz,14
550,343,10,cz,14
551,343,10,cz,14
279,176,9,cz,14
278,176,9,cz,14
554,343,10,cz,14
555,343,10,cz,14
552,343,10,cz,14
553,343,10,cz,14
547,343,10,cz,14
546,343,10,cz,14
548,343,10,cz,14
549,343,10,cz,14
1130,685,11,cz,14
1131,685,11,cz,14
560,343,10,cz,14
561,343,10,cz,14
140,86,8,cz,14
140,87,8,cz,14
1103,685,11,cz,14
1102,685,11,cz,14
1114,685,11,cz,14
1115,685,11,cz,14
1117,685,11,cz,14
1116,685,11,cz,14
1101,685,11,cz,14
1100,685,11,cz,14
282,174,9,cz,14
282,175,9,cz,14
282,172,9,cz,14
282,173,9,cz,14
1128,685,11,cz,14
1129,685,11,cz,14
1112,685,11,cz,14
1113,685,11,cz,14
1109,685,11,cz,14
1108,685,11,cz,14
1099,685,11,cz,14
1098,685,11,cz,14
1095,685,11,cz,14
1094,685,11,cz,14
273,176,9,cz,14
1121,685,11,cz,14
1120,685,11,cz,14
1104,685,11,cz,14
1105,685,11,cz,14
1097,685,11,cz,14
1096,685,11,cz,14
1106,685,11,cz,14
1107,685,11,cz,14
1126,685,11,cz,14
1127,685,11,cz,14
282,176,9,cz,14
1122,685,11,cz,14
1123,685,11,cz,14
1124,685,11,cz,14
1125,685,11,cz,14
564,343,10,cz,14
565,343,10,cz,14
1092,685,11,cz,14
1093,685,11,cz,14
557,343,10,cz,14
556,343,10,cz,14
558,343,10,cz,14
559,343,10,cz,14
1111,685,11,cz,14
1110,685,11,cz,14
1076,692,11,dehessen,16
1077,693,11,dehessen,16
1077,692,11,dehessen,16
1076,681,11,dehessen,16
1077,680,11,dehessen,16
1077,681,11,dehessen,16
2149,1362,12,dehessen,16
2148,1363,12,dehessen,16
2149,1363,12,dehessen,16
2152,1386,12,dehessen,16
2152,1387,12,dehessen,16
2153,1386,12,dehessen,16
1071,694,11,dehessen,16
1071,695,11,dehessen,16
1070,694,11,dehessen,16
2137,1386,12,dehessen,16
2136,1387,12,dehessen,16
2137,1387,12,dehessen,16
2164,1370,12,dehessen,16
2164,1371,12,dehessen,16
537,348,10,dehessen,16
536,348,10,dehessen,16
1069,694,11,dehessen,16
539,341,10,dehessen,16
538,341,10,dehessen,16
2147,1366,12,dehessen,16
2147,1367,12,dehessen,16
2160,1376,12,dehessen,16
2160,1377,12,dehessen,16
2161,1377,12,dehessen,16
1080,682,11,dehessen,16
1080,683,11,dehessen,16
2164,1369,12,dehessen,16
2164,1368,12,dehessen,16
2152,1393,12,dehessen,16
2152,1392,12,dehessen,16
2156,1382,12,dehessen,16
2156,1383,12,dehessen,16
2157,1382,12,dehessen,16
1075,698,11,dehessen,16
1074,698,11,dehessen,16
1074,699,11,dehessen,16
535,346,10,dehessen,16
2152,1397,12,dehessen,16
2156,1386,12,dehessen,16
2156,1387,12,dehessen,16
2142,1373,12,dehessen,16
2143,1373,12,dehessen,16
2143,1372,12,dehessen,16
1073,684,11,dehessen,16
1072,685,11,dehessen,16
1073,685,11,dehessen,16
2147,1363,12,dehessen,16
1070,687,11,dehessen,16
1071,687,11,dehessen,16
2150,1398,12,dehessen,16
2151,1398,12,dehessen,16
535,344,10,dehessen,16
535,345,10,dehessen,16
2160,1382,12,dehessen,16
2161,1382,12,dehessen,16
2144,1369,12,dehessen,16
2145,1369,12,dehessen,16
2160,1363,12,dehessen,16
2161,1363,12,dehessen,16
1078,681,11,dehessen,16
1078,680,11,dehessen,16
1069,693,11,dehessen,16
1069,692,11,dehessen,16
268,172,9,dehessen,16
269,171,9,dehessen,16
1069,690,11,dehessen,16
536,346,10,dehessen,16
536,347,10,dehessen,16
537,346,10,dehessen,16
2139,1382,12,dehessen,16
2138,1382,12,dehessen,16
2139,1383,12,dehessen,16
1080,690,11,dehessen,16
1073,698,11,dehessen,16
2147,1399,12,dehessen,16
2137,1389,12,dehessen,16
2136,1388,12,dehessen,16
2137,1388,12,dehessen,16
2150,1389,12,dehessen,16
2151,1389,12,dehessen,16
2150,1388,12,dehessen,16
537,342,10,dehessen,16
537,343,10,dehessen,16
536,343,10,dehessen,16
2162,1367,12,dehessen,16
2163,1367,12,dehessen,16
2162,1366,12,dehessen,16
2153,1361,12,dehessen,16
2151,1391,12,dehessen,16
2150,1390,12,dehessen,16
2150,1391,12,dehessen,16
2162,1381,12,dehessen,16
2162,1380,12,dehessen,16
2150,1361,12,dehessen,16
2139,1379,12,dehessen,16
2138,1379,12,dehessen,16
1074,695,11,dehessen,16
1074,694,11,dehessen,16
2162,1378,12,dehessen,16
2162,1379,12,dehessen,16
1078,690,11,dehessen,16
1079,690,11,dehessen,16
2152,1394,12,dehessen,16
2141,1373,12,dehessen,16
2158,1382,12,dehessen,16
2159,1382,12,dehessen,16
2154,1359,12,dehessen,16
2155,1359,12,dehessen,16
539,344,10,dehessen,16
538,344,10,dehessen,16
538,345,10,dehessen,16
1080,686,11,dehessen,16
1080,687,11,dehessen,16
2162,1373,12,dehessen,16
2162,1372,12,dehessen,16
2144,1396,12,dehessen,16
2145,1396,12,dehessen,16
537,341,10,dehessen,16
1073,682,11,dehessen,16
540,342,10,dehessen,16
2159,1363,12,dehessen,16
1080,689,11,dehessen,16
1071,697,11,dehessen,16
2162,1365,12,dehessen,16
1075,681,11,dehessen,16
2156,1359,12,dehessen,16
1078,692,11,dehessen,16
2143,1392,12,dehessen,16
2143,1393,12,dehessen,16
2149,1361,12,dehessen,16
2143,1396,12,dehessen,16
2137,1385,12,dehessen,16
2162,1374,12,dehessen,16
2164,1367,12,dehessen,16
2027,1448,12,frrgealti5metro,14
2027,1449,12,frrgealti5metro,14
2026,1448,12,frrgealti5metro,14
127,90,8,frrgealti5metro,14
2025,1393,12,frrgealti5metro,14
130,87,8,frrgealti5metro,14
2031,1505,12,frrgealti5metro,14
2031,1504,12,frrgealti5metro,14
2128,1477,12,frrgealti5metro,14
2128,1476,12,frrgealti5metro,14
264,180,9,frrgealti5metro,14
2086,1378,12,frrgealti5metro,14
2086,1379,12,frrgealti5metro,14
2087,1379,12,frrgealti5metro,14
530,364,10,frrgealti5metro,14
531,364,10,frrgealti5metro,14
530,365,10,frrgealti5metro,14
528,349,10,frrgealti5metro,14
260,173,9,frrgealti5metro,14
261,173,9,frrgealti5metro,14
533,351,10,frrgealti5metro,14
532,351,10,frrgealti5metro,14
517,345,10,frrgealti5metro,14
517,344,10,frrgealti5metro,14
1014,704,11,frrgealti5metro,14
1015,704,11,frrgealti5metro,14
1015,705,11,frrgealti5metro,14
526,349,10,frrgealti5metro,14
527,349,10,frrgealti5metro,14
2008,1430,12,frrgealti5metro,14
2009,1430,12,frrgealti5metro,14
2008,1431,12,frrgealti5metro,14
264,184,9,frrgealti5metro,14
265,185,9,frrgealti5metro,14
264,185,9,frrgealti5metro,14
1030,754,11,frrgealti5metro,14
1031,754,11,frrgealti5metro,14
2021,1440,12,frrgealti5metro,14
2021,1441,12,frrgealti5metro,14
2020,1440,12,frrgealti5metro,14
1014,724,11,frrgealti5metro,14
1015,724,11,frrgealti5metro,14
1015,725,11,frrgealti5metro,14
520,344,10,frrgealti5metro,14
520,345,10,frrgealti5metro,14
521,345,10,frrgealti5metro,14
264,186,9,frrgealti5metro,14
264,187,9,frrgealti5metro,14
265,186,9,frrgealti5metro,14
2025,1395,12,frrgealti5metro,14
2025,1394,12,frrgealti5metro,14
1064,733,11,frrgealti5metro,14
1066,743,11,frrgealti5metro,14
1067,743,11,frrgealti5metro,14
253,178,9,frrgealti5metro,14
252,178,9,frrgealti5metro,14
253,179,9,frrgealti5metro,14
531,369,10,frrgealti5metro,14
530,368,10,frrgealti5metro,14
530,369,10,frrgealti5metro,14
265,183,9,frrgealti5metro,14
264,183,9,frrgealti5metro,14
264,182,9,frrgealti5metro,14
2044,1508,12,frrgealti5metro,14
2045,1508,12,frrgealti5metro,14
2045,1509,12,frrgealti5metro,14
507,360,10,frrgealti5metro,14
507,361,10,frrgealti5metro,14
506,360,10,frrgealti5metro,14
2104,1391,12,frrgealti5metro,14
2104,1390,12,frrgealti5metro,14
2122,1503,12,frrgealti5metro,14
2123,1502,12,frrgealti5metro,14
2122,1502,12,frrgealti5metro,14
1060,721,11,frrgealti5metro,14
1061,720,11,frrgealti5metro,14
1060,720,11,frrgealti5metro,14
1017,730,11,frrgealti5metro,14
1017,731,11,frrgealti5metro,14
528,362,10,frrgealti5metro,14
528,363,10,frrgealti5metro,14
529,363,10,frrgealti5metro,14
2124,1501,12,frrgealti5metro,14
2124,1500,12,frrgealti5metro,14
2004,1411,12,frrgealti5metro,14
2005,1411,12,frrgealti5metro,14
263,175,9,frrgealti5metro,14
262,174,9,frrgealti5metro,14
262,175,9,frrgealti5metro,14
2134,1424,12,frrgealti5metro,14
2134,1425,12,frrgealti5metro,14
1066,716,11,frrgealti5metro,14
2096,1383,12,frrgealti5metro,14
1058,725,11,frrgealti5metro,14
1059,725,11,frrgealti5metro,14
1058,724,11,frrgealti5metro,14
2065,1376,12,frrgealti5metro,14
2065,1377,12,frrgealti5metro,14
530,359,10,frrgealti5metro,14
531,358,10,frrgealti5metro,14
530,358,10,frrgealti5metro,14
250,177,9,frrgealti5metro,14
251,177,9,frrgealti5metro,14
1993,1414,12,frrgealti5metro,14
1993,1415,12,frrgealti5metro,14
2029,1407,12,frrgealti5metro,14
2029,1406,12,frrgealti5metro,14
513,348,10,frrgealti5metro,14
513,349,10,frrgealti5metro,14
512,349,10,frrgealti5metro,14
1033,693,11,frrgealti5metro,14
1032,693,11,frrgealti5metro,14
1033,692,11,frrgealti5metro,14
2092,1498,12,frrgealti5metro,14
2028,1450,12,frrgealti5metro,14
2029,1451,12,frrgealti5metro,14
2029,1450,12,frrgealti5metro,14
2128,1496,12,frrgealti5metro,14
2128,1497,12,frrgealti5metro,14
2129,1496,12,frrgealti5metro,14
64,46,7,frrgealti5metro,14
1989,1416,12,frrgealti5metro,14
1988,1416,12,frrgealti5metro,14
1011,718,11,frrgealti5metro,14
1011,719,11,frrgealti5metro,14
1062,730,11,frrgealti5metro,14
1063,731,11,frrgealti5metro,14
1062,731,11,frrgealti5metro,14
532,356,10,frrgealti5metro,14
532,357,10,frrgealti5metro,14
510,376,10,frrgealti5metro,14
511,376,10,frrgealti5metro,14
1001,705,11,frrgealti5metro,14
1997,1424,12,frrgealti5metro,14
1996,1424,12,frrgealti5metro,14
1997,1425,12,frrgealti5metro,14
32,22,6,frrgealti5metro,14
530,351,10,frrgealti5metro,14
531,351,10,frrgealti5metro,14
530,350,10,frrgealti5metro,14
995,708,11,frrgealti5metro,14
2017,1432,12,frrgealti5metro,14
2016,1432,12,frrgealti5metro,14
2017,1433,12,frrgealti5metro,14
1049,748,11,frrgealti5metro,14
1048,748,11,frrgealti5metro,14
2140,1410,12,frrgealti5metro,14
2128,1458,12,frrgealti5metro,14
2128,1459,12,frrgealti5metro,14
1066,746,11,frrgealti5metro,14
1052,696,11,frrgealti5metro,14
1053,697,11,frrgealti5metro,14
1052,697,11,frrgealti5metro,14
506,353,10,frrgealti5metro,14
507,353,10,frrgealti5metro,14
2033,1481,12,frrgealti5metro,14
2033,1480,12,frrgealti5metro,14
1042,689,11,frrgealti5metro,14
1042,688,11,frrgealti5metro,14
2132,1402,12,frrgealti5metro,14
2133,1403,12,frrgealti5metro,14
2132,1403,12,frrgealti5metro,14
1991,1422,12,frrgealti5metro,14
1991,1423,12,frrgealti5metro,14
1039,687,11,frrgealti5metro,14
1038,686,11,frrgealti5metro,14
1038,687,11,frrgealti5metro,14
2084,1374,12,frrgealti5metro,14
2084,1375,12,frrgealti5metro,14
2122,1399,12,frrgealti5metro,14
2122,1398,12,frrgealti5metro,14
2123,1399,12,frrgealti5metro,14
1058,699,11,frrgealti5metro,14
1059,699,11,frrgealti5metro,14
2133,1494,12,frrgealti5metro,14
2132,1494,12,frrgealti5metro,14
2007,1430,12,frrgealti5metro,14
2007,1431,12,frrgealti5metro,14
2007,1408,12,frrgealti5metro,14
2007,1409,12,frrgealti5metro,14
2006,1409,12,frrgealti5metro,14
1063,727,11,frrgealti5metro,14
1062,726,11,frrgealti5metro,14
1062,727,11,frrgealti5metro,14
2014,1408,12,frrgealti5metro,14
2014,1409,12,frrgealti5metro,14
1013,698,11,frrgealti5metro,14
1013,699,11,frrgealti5metro,14
2017,1413,12,frrgealti5metro,14
2016,1412,12,frrgealti5metro,14
2016,1413,12,frrgealti5metro,14
517,346,10,frrgealti5metro,14
516,347,10,frrgealti5metro,14
517,347,10,frrgealti5metro,14
2029,1404,12,frrgealti5metro,14
2028,1404,12,frrgealti5metro,14
2029,1405,12,frrgealti5metro,14
2024,1411,12,frrgealti5metro,14
2025,1411,12,frrgealti5metro,14
2101,1387,12,frrgealti5metro,14
2101,1386,12,frrgealti5metro,14
127,93,8,frrgealti5metro,14
2096,1384,12,frrgealti5metro,14
2096,1385,12,frrgealti5metro,14
2033,1472,12,frrgealti5metro,14
2033,1473,12,frrgealti5metro,14
2033,1462,12,frrgealti5metro,14
2033,1463,12,frrgealti5metro,14
1062,736,11,frrgealti5metro,14
1062,737,11,frrgealti5metro,14
1063,737,11,frrgealti5metro,14
1028,695,11,frrgealti5metro,14
1029,695,11,frrgealti5metro,14
2128,1464,12,frrgealti5metro,14
2129,1465,12,frrgealti5metro,14
2128,1465,12,frrgealti5metro,14
1995,1420,12,frrgealti5metro,14
1995,1421,12,frrgealti5metro,14
2130,1494,12,frrgealti5metro,14
2131,1494,12,frrgealti5metro,14
2130,1495,12,frrgealti5metro,14
2011,1431,12,frrgealti5metro,14
2010,1430,12,frrgealti5metro,14
2011,1430,12,frrgealti5metro,14
266,176,9,frrgealti5metro,14
503,353,10,frrgealti5metro,14
502,352,10,frrgealti5metro,14
502,353,10,frrgealti5metro,14
999,712,11,frrgealti5metro,14
999,713,11,frrgealti5metro,14
259,172,9,frrgealti5metro,14
259,173,9,frrgealti5metro,14
2128,1402,12,frrgealti5metro,14
2129,1403,12,frrgealti5metro,14
2128,1403,12,frrgealti5metro,14
1065,716,11,frrgealti5metro,14
1064,716,11,frrgealti5metro,14
1066,710,11,frrgealti5metro,14
1067,710,11,frrgealti5metro,14
1066,711,11,frrgealti5metro,14
1013,722,11,frrgealti5metro,14
1012,722,11,frrgealti5metro,14
1013,723,11,frrgealti5metro,14
2078,1370,12,frrgealti5metro,14
2078,1371,12,frrgealti5metro,14
2134,1429,12,frrgealti5metro,14
2134,1428,12,frrgealti5metro,14
997,707,11,frrgealti5metro,14
997,706,11,frrgealti5metro,14
1060,751,11,frrgealti5metro,14
1061,750,11,frrgealti5metro,14
1060,750,11,frrgealti5metro,14
1051,693,11,frrgealti5metro,14
2065,1379,12,frrgealti5metro,14
2065,1378,12,frrgealti5metro,14
2055,1510,12,frrgealti5metro,14
2027,1407,12,frrgealti5metro,14
2026,1407,12,frrgealti5metro,14
1015,747,11,frrgealti5metro,14
2022,1442,12,frrgealti5metro,14
2023,1442,12,frrgealti5metro,14
2023,1443,12,frrgealti5metro,14
534,351,10,frrgealti5metro,14
2136,1414,12,frrgealti5metro,14
2137,1414,12,frrgealti5metro,14
2136,1415,12,frrgealti5metro,14
509,368,10,frrgealti5metro,14
509,369,10,frrgealti5metro,14
2027,1500,12,frrgealti5metro,14
2000,1411,12,frrgealti5metro,14
2001,1411,12,frrgealti5metro,14
2001,1410,12,frrgealti5metro,14
2094,1498,12,frrgealti5metro,14
2095,1498,12,frrgealti5metro,14
2021,1437,12,frrgealti5metro,14
2020,1436,12,frrgealti5metro,14
2021,1436,12,frrgealti5metro,14
1009,707,11,frrgealti5metro,14
1008,707,11,frrgealti5metro,14
1997,1428,12,frrgealti5metro,14
131,92,8,frrgealti5metro,14
130,92,8,frrgealti5metro,14
2065,1385,12,frrgealti5metro,14
2064,1385,12,frrgealti5metro,14
2065,1384,12,frrgealti5metro,14
257,174,9,frrgealti5metro,14
256,175,9,frrgealti5metro,14
257,175,9,frrgealti5metro,14
2090,1380,12,frrgealti5metro,14
2090,1381,12,frrgealti5metro,14
1015,748,11,frrgealti5metro,14
1014,749,11,frrgealti5metro,14
1015,749,11,frrgealti5metro,14
2036,1399,12,frrgealti5metro,14
2037,1399,12,frrgealti5metro,14
2109,1502,12,frrgealti5metro,14
2108,1502,12,frrgealti5metro,14
1009,716,11,frrgealti5metro,14
1009,717,11,frrgealti5metro,14
2123,1449,12,frrgealti5metro,14
2122,1449,12,frrgealti5metro,14
2078,1514,12,frrgealti5metro,14
2078,1515,12,frrgealti5metro,14
2079,1514,12,frrgealti5metro,14
2019,1413,12,frrgealti5metro,14
2019,1412,12,frrgealti5metro,14
2018,1413,12,frrgealti5metro,14
509,365,10,frrgealti5metro,14
509,364,10,frrgealti5metro,14
508,364,10,frrgealti5metro,14
2008,1407,12,frrgealti5metro,14
2009,1407,12,frrgealti5metro,14
2063,1511,12,frrgealti5metro,14
2062,1510,12,frrgealti5metro,14
2063,1510,12,frrgealti5metro,14
2118,1448,12,frrgealti5metro,14
2118,1449,12,frrgealti5metro,14
2128,1485,12,frrgealti5metro,14
2129,1485,12,frrgealti5metro,14
2024,1446,12,frrgealti5metro,14
2025,1447,12,frrgealti5metro,14
2025,1446,12,frrgealti5metro,14
1064,747,11,frrgealti5metro,14
1065,746,11,frrgealti5metro,14
1064,746,11,frrgealti5metro,14
253,177,9,frrgealti5metro,14
252,177,9,frrgealti5metro,14
2001,1428,12,frrgealti5metro,14
2001,1429,12,frrgealti5metro,14
2029,1497,12,frrgealti5metro,14
2029,1496,12,frrgealti5metro,14
2065,1382,12,frrgealti5metro,14
2065,1383,12,frrgealti5metro,14
2142,1406,12,frrgealti5metro,14
2142,1407,12,frrgealti5metro,14
260,186,9,frrgealti5metro,14
261,186,9,frrgealti5metro,14
2084,1512,12,frrgealti5metro,14
2084,1513,12,frrgealti5metro,14
1033,688,11,frrgealti5metro,14
1033,689,11,frrgealti5metro,14
2060,1389,12,frrgealti5metro,14
2061,1389,12,frrgealti5metro,14
2061,1388,12,frrgealti5metro,14
2073,1369,12,frrgealti5metro,14
2072,1369,12,frrgealti5metro,14
513,376,10,frrgealti5metro,14
512,376,10,frrgealti5metro,14
2023,1444,12,frrgealti5metro,14
2022,1445,12,frrgealti5metro,14
2022,1444,12,frrgealti5metro,14
2120,1397,12,frrgealti5metro,14
2121,1397,12,frrgealti5metro,14
1039,756,11,frrgealti5metro,14
1038,756,11,frrgealti5metro,14
1038,757,11,frrgealti5metro,14
1063,718,11,frrgealti5metro,14
1062,718,11,frrgealti5metro,14
1033,756,11,frrgealti5metro,14
2082,1509,12,frrgealti5metro,14
2082,1508,12,frrgealti5metro,14
1017,735,11,frrgealti5metro,14
1017,734,11,frrgealti5metro,14
255,182,9,frrgealti5metro,14
255,183,9,frrgealti5metro,14
1027,695,11,frrgealti5metro,14
2140,1405,12,frrgealti5metro,14
2096,1387,12,frrgealti5metro,14
2096,1386,12,frrgealti5metro,14
2078,1372,12,frrgealti5metro,14
2078,1373,12,frrgealti5metro,14
1992,1418,12,frrgealti5metro,14
1993,1418,12,frrgealti5metro,14
2033,1476,12,frrgealti5metro,14
2033,1477,12,frrgealti5metro,14
2136,1417,12,frrgealti5metro,14
2136,1416,12,frrgealti5metro,14
2031,1393,12,frrgealti5metro,14
2072,1514,12,frrgealti5metro,14
2073,1514,12,frrgealti5metro,14
2072,1515,12,frrgealti5metro,14
2104,1386,12,frrgealti5metro,14
2112,1504,12,frrgealti5metro,14
2113,1504,12,frrgealti5metro,14
509,371,10,frrgealti5metro,14
508,371,10,frrgealti5metro,14
509,370,10,frrgealti5metro,14
1061,725,11,frrgealti5metro,14
1060,725,11,frrgealti5metro,14
1018,752,11,frrgealti5metro,14
1019,752,11,frrgealti5metro,14
1019,753,11,frrgealti5metro,14
2134,1430,12,frrgealti5metro,14
2134,1431,12,frrgealti5metro,14
2126,1498,12,frrgealti5metro,14
2126,1499,12,frrgealti5metro,14
2127,1498,12,frrgealti5metro,14
1055,750,11,frrgealti5metro,14
1054,750,11,frrgealti5metro,14
1063,701,11,frrgealti5metro,14
1062,701,11,frrgealti5metro,14
1025,754,11,frrgealti5metro,14
1024,754,11,frrgealti5metro,14
2053,1391,12,frrgealti5metro,14
2052,1391,12,frrgealti5metro,14
2136,1418,12,frrgealti5metro,14
1042,750,11,frrgealti5metro,14
1043,750,11,frrgealti5metro,14
129,87,8,frrgealti5metro,14
264,175,9,frrgealti5metro,14
527,374,10,frrgealti5metro,14
526,374,10,frrgealti5metro,14
1006,704,11,frrgealti5metro,14
1006,705,11,frrgealti5metro,14
1017,736,11,frrgealti5metro,14
1017,737,11,frrgealti5metro,14
2069,1371,12,frrgealti5metro,14
2068,1371,12,frrgealti5metro,14
2069,1370,12,frrgealti5metro,14
255,185,9,frrgealti5metro,14
255,184,9,frrgealti5metro,14
2069,1515,12,frrgealti5metro,14
2069,1514,12,frrgealti5metro,14
1070,704,11,frrgealti5metro,14
2126,1460,12,frrgealti5metro,14
2126,1461,12,frrgealti5metro,14
2127,1460,12,frrgealti5metro,14
515,376,10,frrgealti5metro,14
514,376,10,frrgealti5metro,14
2136,1487,12,frrgealti5metro,14
2136,1486,12,frrgealti5metro,14
1058,752,11,frrgealti5metro,14
1059,752,11,frrgealti5metro,14
2126,1472,12,frrgealti5metro,14
2047,1510,12,frrgealti5metro,14
2046,1510,12,frrgealti5metro,14
2041,1508,12,frrgealti5metro,14
2040,1508,12,frrgealti5metro,14
2041,1509,12,frrgealti5metro,14
2031,1491,12,frrgealti5metro,14
2031,1490,12,frrgealti5metro,14
1060,699,11,frrgealti5metro,14
1016,698,11,frrgealti5metro,14
1016,699,11,frrgealti5metro,14
1017,699,11,frrgealti5metro,14
1031,694,11,frrgealti5metro,14
1031,695,11,frrgealti5metro,14
1030,695,11,frrgealti5metro,14
520,374,10,frrgealti5metro,14
521,374,10,frrgealti5metro,14
520,375,10,frrgealti5metro,14
1041,756,11,frrgealti5metro,14
1040,756,11,frrgealti5metro,14
2021,1438,12,frrgealti5metro,14
2020,1439,12,frrgealti5metro,14
2021,1439,12,frrgealti5metro,14
2038,1399,12,frrgealti5metro,14
2039,1399,12,frrgealti5metro,14
2134,1422,12,frrgealti5metro,14
2134,1423,12,frrgealti5metro,14
2082,1510,12,frrgealti5metro,14
2082,1511,12,frrgealti5metro,14
2065,1374,12,frrgealti5metro,14
2065,1375,12,frrgealti5metro,14
2034,1397,12,frrgealti5metro,14
2034,1396,12,frrgealti5metro,14
2035,1397,12,frrgealti5metro,14
1033,690,11,frrgealti5metro,14
1033,691,11,frrgealti5metro,14
2135,1490,12,frrgealti5metro,14
2134,1490,12,frrgealti5metro,14
2134,1491,12,frrgealti5metro,14
2124,1439,12,frrgealti5metro,14
2124,1438,12,frrgealti5metro,14
2125,1438,12,frrgealti5metro,14
2125,1449,12,frrgealti5metro,14
2124,1449,12,frrgealti5metro,14
2110,1502,12,frrgealti5metro,14
2111,1502,12,frrgealti5metro,14
1989,1414,12,frrgealti5metro,14
1988,1415,12,frrgealti5metro,14
1989,1415,12,frrgealti5metro,14
1025,697,11,frrgealti5metro,14
1024,697,11,frrgealti5metro,14
533,354,10,frrgealti5metro,14
532,355,10,frrgealti5metro,14
532,354,10,frrgealti5metro,14
2130,1403,12,frrgealti5metro,14
2131,1403,12,frrgealti5metro,14
2131,1402,12,frrgealti5metro,14
2034,1394,12,frrgealti5metro,14
2034,1395,12,frrgealti5metro,14
2005,1428,12,frrgealti5metro,14
2004,1428,12,frrgealti5metro,14
1001,714,11,frrgealti5metro,14
525,347,10,frrgealti5metro,14
2128,1456,12,frrgealti5metro,14
2128,1457,12,frrgealti5metro,14
2048,1510,12,frrgealti5metro,14
2049,1510,12,frrgealti5metro,14
2049,1393,12,frrgealti5metro,14
127,89,8,frrgealti5metro,14
127,88,8,frrgealti5metro,14
2031,1502,12,frrgealti5metro,14
2031,1503,12,frrgealti5metro,14
2057,1508,12,frrgealti5metro,14
503,358,10,frrgealti5metro,14
2080,1375,12,frrgealti5metro,14
2081,1375,12,frrgealti5metro,14
1044,691,11,frrgealti5metro,14
1045,691,11,frrgealti5metro,14
1044,690,11,frrgealti5metro,14
1997,1411,12,frrgealti5metro,14
1996,1411,12,frrgealti5metro,14
1035,757,11,frrgealti5metro,14
1034,756,11,frrgealti5metro,14
1035,756,11,frrgealti5metro,14
1038,685,11,frrgealti5metro,14
1038,684,11,frrgealti5metro,14
2136,1488,12,frrgealti5metro,14
2136,1489,12,frrgealti5metro,14
2128,1475,12,frrgealti5metro,14
2103,1385,12,frrgealti5metro,14
2102,1385,12,frrgealti5metro,14
2104,1389,12,frrgealti5metro,14
2029,1452,12,frrgealti5metro,14
2029,1453,12,frrgealti5metro,14
1017,741,11,frrgealti5metro,14
1017,740,11,frrgealti5metro,14
1066,715,11,frrgealti5metro,14
1066,714,11,frrgealti5metro,14
2016,1411,12,frrgealti5metro,14
2096,1498,12,frrgealti5metro,14
2097,1498,12,frrgealti5metro,14
500,353,10,frrgealti5metro,14
501,353,10,frrgealti5metro,14
1998,1428,12,frrgealti5metro,14
1999,1428,12,frrgealti5metro,14
2121,1449,12,frrgealti5metro,14
997,708,11,frrgealti5metro,14
996,708,11,frrgealti5metro,14
997,709,11,frrgealti5metro,14
1993,1413,12,frrgealti5metro,14
2033,1461,12,frrgealti5metro,14
2033,1460,12,frrgealti5metro,14
2047,1399,12,frrgealti5metro,14
2007,1429,12,frrgealti5metro,14
2006,1428,12,frrgealti5metro,14
2007,1428,12,frrgealti5metro,14
2124,1440,12,frrgealti5metro,14
2124,1441,12,frrgealti5metro,14
509,366,10,frrgealti5metro,14
509,367,10,frrgealti5metro,14
2105,1500,12,frrgealti5metro,14
2026,1411,12,frrgealti5metro,14
2027,1411,12,frrgealti5metro,14
2027,1400,12,frrgealti5metro,14
2021,1442,12,frrgealti5metro,14
2031,1456,12,frrgealti5metro,14
2031,1457,12,frrgealti5metro,14
2014,1410,12,frrgealti5metro,14
2015,1411,12,frrgealti5metro,14
2014,1411,12,frrgealti5metro,14
1998,1411,12,frrgealti5metro,14
1999,1411,12,frrgealti5metro,14
262,186,9,frrgealti5metro,14
263,186,9,frrgealti5metro,14
1066,745,11,frrgealti5metro,14
1066,744,11,frrgealti5metro,14
1067,744,11,frrgealti5metro,14
2033,1478,12,frrgealti5metro,14
2033,1479,12,frrgealti5metro,14
1017,732,11,frrgealti5metro,14
1017,733,11,frrgealti5metro,14
1063,748,11,frrgealti5metro,14
1062,748,11,frrgealti5metro,14
1062,749,11,frrgealti5metro,14
2122,1397,12,frrgealti5metro,14
2098,1389,12,frrgealti5metro,14
2099,1389,12,frrgealti5metro,14
1037,685,11,frrgealti5metro,14
1036,685,11,frrgealti5metro,14
1014,697,11,frrgealti5metro,14
1015,697,11,frrgealti5metro,14
2027,1498,12,frrgealti5metro,14
2027,1499,12,frrgealti5metro,14
2059,1389,12,frrgealti5metro,14
499,354,10,frrgealti5metro,14
499,355,10,frrgealti5metro,14
1065,743,11,frrgealti5metro,14
1064,743,11,frrgealti5metro,14
997,711,11,frrgealti5metro,14
996,711,11,frrgealti5metro,14
2089,1500,12,frrgealti5metro,14
2088,1500,12,frrgealti5metro,14
2088,1501,12,frrgealti5metro,14
2115,1504,12,frrgealti5metro,14
2114,1504,12,frrgealti5metro,14
255,175,9,frrgealti5metro,14
254,175,9,frrgealti5metro,14
264,178,9,frrgealti5metro,14
264,179,9,frrgealti5metro,14
265,178,9,frrgealti5metro,14
2032,1393,12,frrgealti5metro,14
2033,1393,12,frrgealti5metro,14
1013,697,11,frrgealti5metro,14
500,356,10,frrgealti5metro,14
501,356,10,frrgealti5metro,14
1048,695,11,frrgealti5metro,14
1049,695,11,frrgealti5metro,14
1015,726,11,frrgealti5metro,14
1033,687,11,frrgealti5metro,14
1033,686,11,frrgealti5metro,14
2118,1397,12,frrgealti5metro,14
2119,1397,12,frrgealti5metro,14
2033,1483,12,frrgealti5metro,14
2032,1483,12,frrgealti5metro,14
2033,1482,12,frrgealti5metro,14
2128,1478,12,frrgealti5metro,14
2082,1507,12,frrgealti5metro,14
2082,1506,12,frrgealti5metro,14
2134,1426,12,frrgealti5metro,14
2134,1427,12,frrgealti5metro,14
1040,753,11,frrgealti5metro,14
1041,752,11,frrgealti5metro,14
1040,752,11,frrgealti5metro,14
2107,1501,12,frrgealti5metro,14
2106,1500,12,frrgealti5metro,14
2107,1500,12,frrgealti5metro,14
1004,714,11,frrgealti5metro,14
1005,714,11,frrgealti5metro,14
2051,1392,12,frrgealti5metro,14
2051,1393,12,frrgealti5metro,14
2050,1393,12,frrgealti5metro,14
2099,1499,12,frrgealti5metro,14
2098,1498,12,frrgealti5metro,14
2099,1498,12,frrgealti5metro,14
2013,1436,12,frrgealti5metro,14
2012,1436,12,frrgealti5metro,14
2130,1485,12,frrgealti5metro,14
2139,1412,12,frrgealti5metro,14
2138,1412,12,frrgealti5metro,14
1992,1424,12,frrgealti5metro,14
2142,1408,12,frrgealti5metro,14
2083,1514,12,frrgealti5metro,14
2082,1514,12,frrgealti5metro,14
1997,1426,12,frrgealti5metro,14
1997,1427,12,frrgealti5metro,14
530,363,10,frrgealti5metro,14
2011,1433,12,frrgealti5metro,14
2010,1433,12,frrgealti5metro,14
2011,1432,12,frrgealti5metro,14
2129,1470,12,frrgealti5metro,14
2128,1470,12,frrgealti5metro,14
2052,1510,12,frrgealti5metro,14
1991,1424,12,frrgealti5metro,14
2065,1380,12,frrgealti5metro,14
2065,1381,12,frrgealti5metro,14
2029,1410,12,frrgealti5metro,14
2029,1411,12,frrgealti5metro,14
2031,1489,12,frrgealti5metro,14
1037,756,11,frrgealti5metro,14
1037,757,11,frrgealti5metro,14
1036,756,11,frrgealti5metro,14
2130,1466,12,frrgealti5metro,14
2130,1467,12,frrgealti5metro,14
2128,1463,12,frrgealti5metro,14
2128,1462,12,frrgealti5metro,14
2119,1506,12,frrgealti5metro,14
2118,1506,12,frrgealti5metro,14
1064,734,11,frrgealti5metro,14
1016,697,11,frrgealti5metro,14
2033,1475,12,frrgealti5metro,14
2033,1474,12,frrgealti5metro,14
1015,702,11,frrgealti5metro,14
1015,703,11,frrgealti5metro,14
2084,1502,12,frrgealti5metro,14
2084,1503,12,frrgealti5metro,14
530,374,10,frrgealti5metro,14
2037,1506,12,frrgealti5metro,14
2036,1506,12,frrgealti5metro,14
2097,1389,12,frrgealti5metro,14
2096,1388,12,frrgealti5metro,14
2096,1389,12,frrgealti5metro,14
1041,687,11,frrgealti5metro,14
1005,717,11,frrgealti5metro,14
503,356,10,frrgealti5metro,14
503,357,10,frrgealti5metro,14
502,356,10,frrgealti5metro,14
2095,1383,12,frrgealti5metro,14
2094,1382,12,frrgealti5metro,14
2094,1383,12,frrgealti5metro,14
2128,1434,12,frrgealti5metro,14
2128,1435,12,frrgealti5metro,14
2106,1392,12,frrgealti5metro,14
2106,1393,12,frrgealti5metro,14
1035,685,11,frrgealti5metro,14
1994,1424,12,frrgealti5metro,14
1995,1424,12,frrgealti5metro,14
1070,703,11,frrgealti5metro,14
1040,754,11,frrgealti5metro,14
1040,755,11,frrgealti5metro,14
2020,1446,12,frrgealti5metro,14
2021,1446,12,frrgealti5metro,14
2134,1432,12,frrgealti5metro,14
1066,713,11,frrgealti5metro,14
1066,712,11,frrgealti5metro,14
2031,1492,12,frrgealti5metro,14
2031,1493,12,frrgealti5metro,14
2022,1446,12,frrgealti5metro,14
517,343,10,frrgealti5metro,14
2117,1397,12,frrgealti5metro,14
2116,1397,12,frrgealti5metro,14
1023,754,11,frrgealti5metro,14
2126,1452,12,frrgealti5metro,14
2126,1453,12,frrgealti5metro,14
2031,1454,12,frrgealti5metro,14
2030,1454,12,frrgealti5metro,14
2124,1401,12,frrgealti5metro,14
2124,1400,12,frrgealti5metro,14
2011,1436,12,frrgealti5metro,14
2010,1436,12,frrgealti5metro,14
507,349,10,frrgealti5metro,14
2063,1386,12,frrgealti5metro,14
2063,1387,12,frrgealti5metro,14
2062,1387,12,frrgealti5metro,14
522,374,10,frrgealti5metro,14
2103,1500,12,frrgealti5metro,14
2102,1500,12,frrgealti5metro,14
1017,738,11,frrgealti5metro,14
1017,739,11,frrgealti5metro,14
2080,1514,12,frrgealti5metro,14
995,707,11,frrgealti5metro,14
2067,1371,12,frrgealti5metro,14
2042,1508,12,frrgealti5metro,14
2043,1508,12,frrgealti5metro,14
2050,1510,12,frrgealti5metro,14
2051,1510,12,frrgealti5metro,14
2075,1369,12,frrgealti5metro,14
2074,1369,12,frrgealti5metro,14
2018,1436,12,frrgealti5metro,14
2019,1436,12,frrgealti5metro,14
2029,1454,12,frrgealti5metro,14
1054,697,11,frrgealti5metro,14
2101,1385,12,frrgealti5metro,14
1027,754,11,frrgealti5metro,14
1026,754,11,frrgealti5metro,14
2122,1504,12,frrgealti5metro,14
1062,725,11,frrgealti5metro,14
2026,1393,12,frrgealti5metro,14
2027,1393,12,frrgealti5metro,14
1016,752,11,frrgealti5metro,14
1017,752,11,frrgealti5metro,14
2027,1450,12,frrgealti5metro,14
2126,1438,12,frrgealti5metro,14
1046,748,11,frrgealti5metro,14
1047,748,11,frrgealti5metro,14
1046,691,11,frrgealti5metro,14
505,358,10,frrgealti5metro,14
2033,1464,12,frrgealti5metro,14
258,188,9,frrgealti5metro,14
259,188,9,frrgealti5metro,14
1011,720,11,frrgealti5metro,14
1060,722,11,frrgealti5metro,14
1029,754,11,frrgealti5metro,14
2017,1434,12,frrgealti5metro,14
518,343,10,frrgealti5metro,14
2124,1502,12,frrgealti5metro,14
534,352,10,frrgealti5metro,14
1068,706,11,frrgealti5metro,14
2107,1502,12,frrgealti5metro,14
525,374,10,frrgealti5metro,14
2120,1446,12,frrgealti5metro,14
2088,1379,12,frrgealti5metro,14
132,88,8,frrgealti5metro,14
1060,752,11,frrgealti5metro,14
532,372,10,frrgealti5metro,14
1015,750,11,frrgealti5metro,14
1014,750,11,frrgealti5metro,14
2020,1411,12,frrgealti5metro,14
2021,1411,12,frrgealti5metro,14
505,353,10,frrgealti5metro,14
2065,1373,12,frrgealti5metro,14
2084,1514,12,frrgealti5metro,14
1013,704,11,frrgealti5metro,14
2110,1395,12,frrgealti5metro,14
507,350,10,frrgealti5metro,14
1003,705,11,frrgealti5metro,14
499,353,10,frrgealti5metro,14
1010,722,11,frrgealti5metro,14
1054,688,11,beflanders,16
1055,688,11,beflanders,16
2105,1361,12,beflanders,16
2104,1361,12,beflanders,16
1045,688,11,beflanders,16
1044,688,11,beflanders,16
1048,681,11,beflanders,16
1049,681,11,beflanders,16
522,341,10,beflanders,16
523,341,10,beflanders,16
260,171,9,beflanders,16
261,171,9,beflanders,16
2083,1365,12,beflanders,16
2082,1365,12,beflanders,16
2083,1364,12,beflanders,16
262,171,9,beflanders,16
263,171,9,beflanders,16
2108,1363,12,beflanders,16
2109,1363,12,beflanders,16
525,341,10,beflanders,16
524,341,10,beflanders,16
1040,688,11,beflanders,16
1041,688,11,beflanders,16
519,343,10,beflanders,16
519,342,10,beflanders,16
2106,1361,12,beflanders,16
1053,688,11,beflanders,16
1052,688,11,beflanders,16
2112,1364,12,beflanders,16
2112,1365,12,beflanders,16
2116,1377,12,beflanders,16
2116,1376,12,beflanders,16
2106,1362,12,beflanders,16
2107,1363,12,beflanders,16
2106,1363,12,beflanders,16
2100,1361,12,beflanders,16
2101,1361,12,beflanders,16
2103,1361,12,beflanders,16
2102,1361,12,beflanders,16
528,343,10,beflanders,16
528,342,10,beflanders,16
1049,688,11,beflanders,16
1048,688,11,beflanders,16
2096,1361,12,beflanders,16
2097,1361,12,beflanders,16
2081,1365,12,beflanders,16
1051,688,11,beflanders,16
1050,688,11,beflanders,16
2098,1361,12,beflanders,16
2099,1361,12,beflanders,16
1051,681,11,beflanders,16
1050,681,11,beflanders,16
1046,688,11,beflanders,16
1047,688,11,beflanders,16
1043,688,11,beflanders,16
1042,688,11,beflanders,16
1056,688,11,beflanders,16
1057,688,11,beflanders,16
2110,1363,12,beflanders,16
2116,1374,12,beflanders,16
2116,1375,12,beflanders,16
1052,681,11,beflanders,16
521,341,10,beflanders,16
1056,683,11,beflanders,16
1057,683,11,beflanders,16
2077,1376,12,beflanders,16
2076,1376,12,beflanders,16
1039,688,11,beflanders,16
1041,683,11,beflanders,16
1040,683,11,beflanders,16
1039,683,11,beflanders,16
1047,681,11,beflanders,16
526,341,10,beflanders,16
527,341,10,beflanders,16
2165,1441,12,swissalti3d,17
2165,1440,12,swissalti3d,17
2164,1441,12,swissalti3d,17
2160,1440,12,swissalti3d,17
2160,1441,12,swissalti3d,17
2161,1441,12,swissalti3d,17
268,179,9,swissalti3d,17
1076,726,11,swissalti3d,17
2125,1454,12,swissalti3d,17
2125,1455,12,swissalti3d,17
1059,725,11,swissalti3d,17
1059,724,11,swissalti3d,17
266,181,9,swissalti3d,17
267,180,9,swissalti3d,17
266,180,9,swissalti3d,17
2158,1439,12,swissalti3d,17
2159,1439,12,swissalti3d,17
2127,1432,12,swissalti3d,17
2127,1433,12,swissalti3d,17
2126,1433,12,swissalti3d,17
1067,728,11,swissalti3d,17
1066,728,11,swissalti3d,17
267,179,9,swissalti3d,17
2140,1452,12,swissalti3d,17
2140,1453,12,swissalti3d,17
2141,1452,12,swissalti3d,17
1067,715,11,swissalti3d,17
1076,714,11,swissalti3d,17
1077,715,11,swissalti3d,17
1076,715,11,swissalti3d,17
269,180,9,swissalti3d,17
268,180,9,swissalti3d,17
2166,1448,12,swissalti3d,17
2167,1448,12,swissalti3d,17
1078,719,11,swissalti3d,17
1078,718,11,swissalti3d,17
2143,1429,12,swissalti3d,17
2143,1428,12,swissalti3d,17
1059,726,11,swissalti3d,17
1058,727,11,swissalti3d,17
2133,1430,12,swissalti3d,17
2133,1431,12,swissalti3d,17
2150,1460,12,swissalti3d,17
536,357,10,swissalti3d,17
537,357,10,swissalti3d,17
1073,727,11,swissalti3d,17
1072,726,11,swissalti3d,17
1073,726,11,swissalti3d,17
532,359,10,swissalti3d,17
533,358,10,swissalti3d,17
533,359,10,swissalti3d,17
2121,1440,12,swissalti3d,17
2121,1441,12,swissalti3d,17
1078,715,11,swissalti3d,17
1060,724,11,swissalti3d,17
1060,725,11,swissalti3d,17
1061,724,11,swissalti3d,17
2116,1450,12,swissalti3d,17
2117,1451,12,swissalti3d,17
2117,1450,12,swissalti3d,17
2145,1454,12,swissalti3d,17
2144,1454,12,swissalti3d,17
2145,1455,12,swissalti3d,17
2117,1448,12,swissalti3d,17
2117,1449,12,swissalti3d,17
540,361,10,swissalti3d,17
2152,1427,12,swissalti3d,17
2116,1453,12,swissalti3d,17
2117,1452,12,swissalti3d,17
2117,1453,12,swissalti3d,17
2164,1448,12,swissalti3d,17
2165,1448,12,swissalti3d,17
535,362,10,swissalti3d,17
534,362,10,swissalti3d,17
534,363,10,swissalti3d,17
536,362,10,swissalti3d,17
537,362,10,swissalti3d,17
537,363,10,swissalti3d,17
2118,1454,12,swissalti3d,17
2119,1454,12,swissalti3d,17
1082,723,11,swissalti3d,17
1082,722,11,swissalti3d,17
1083,723,11,swissalti3d,17
530,361,10,swissalti3d,17
531,361,10,swissalti3d,17
531,360,10,swissalti3d,17
1063,718,11,swissalti3d,17
1063,719,11,swissalti3d,17
1062,719,11,swissalti3d,17
532,364,10,swissalti3d,17
2146,1459,12,swissalti3d,17
2146,1458,12,swissalti3d,17
1064,717,11,swissalti3d,17
1064,716,11,swissalti3d,17
1065,717,11,swissalti3d,17
2155,1429,12,swissalti3d,17
2154,1429,12,swissalti3d,17
539,362,10,swissalti3d,17
538,358,10,swissalti3d,17
538,359,10,swissalti3d,17
2167,1444,12,swissalti3d,17
2166,1444,12,swissalti3d,17
2166,1445,12,swissalti3d,17
1069,728,11,swissalti3d,17
1068,728,11,swissalti3d,17
2121,1442,12,swissalti3d,17
2121,1443,12,swissalti3d,17
2146,1427,12,swissalti3d,17
2147,1427,12,swissalti3d,17
1072,729,11,swissalti3d,17
1073,728,11,swissalti3d,17
2132,1459,12,swissalti3d,17
2133,1458,12,swissalti3d,17
2132,1458,12,swissalti3d,17
2127,1458,12,swissalti3d,17
1081,726,11,swissalti3d,17
1076,725,11,swissalti3d,17
1077,724,11,swissalti3d,17
1076,724,11,swissalti3d,17
2125,1452,12,swissalti3d,17
2125,1453,12,swissalti3d,17
1063,726,11,swissalti3d,17
1063,727,11,swissalti3d,17
2157,1452,12,swissalti3d,17
2156,1452,12,swissalti3d,17
2115,1454,12,swissalti3d,17
2115,1455,12,swissalti3d,17
2140,1455,12,swissalti3d,17
2141,1454,12,swissalti3d,17
2140,1454,12,swissalti3d,17
2145,1427,12,swissalti3d,17
2144,1427,12,swissalti3d,17
2146,1461,12,swissalti3d,17
2146,1460,12,swissalti3d,17
1075,713,11,swissalti3d,17
531,362,10,swissalti3d,17
2130,1433,12,swissalti3d,17
2131,1433,12,swissalti3d,17
2130,1432,12,swissalti3d,17
1061,720,11,swissalti3d,17
1061,721,11,swissalti3d,17
2149,1459,12,swissalti3d,17
2148,1458,12,swissalti3d,17
2149,1458,12,swissalti3d,17
2158,1434,12,swissalti3d,17
2135,1458,12,swissalti3d,17
2134,1458,12,swissalti3d,17
1078,716,11,swissalti3d,17
1078,717,11,swissalti3d,17
2127,1456,12,swissalti3d,17
2126,1456,12,swissalti3d,17
2127,1457,12,swissalti3d,17
1081,725,11,swissalti3d,17
1080,724,11,swissalti3d,17
1080,725,11,swissalti3d,17
2117,1447,12,swissalti3d,17
1083,721,11,swissalti3d,17
1082,721,11,swissalti3d,17
2158,1432,12,swissalti3d,17
2159,1432,12,swissalti3d,17
2158,1433,12,swissalti3d,17
2161,1452,12,swissalti3d,17
2156,1429,12,swissalti3d,17
1075,728,11,swissalti3d,17
1074,728,11,swissalti3d,17
1075,729,11,swissalti3d,17
2163,1448,12,swissalti3d,17
2162,1449,12,swissalti3d,17
2162,1448,12,swissalti3d,17
1080,721,11,swissalti3d,17
1081,721,11,swissalti3d,17
1068,715,11,swissalti3d,17
1069,715,11,swissalti3d,17
2125,1437,12,swissalti3d,17
2119,1445,12,swissalti3d,17
2136,1458,12,swissalti3d,17
2137,1458,12,swissalti3d,17
2145,1460,12,swissalti3d,17
2145,1461,12,swissalti3d,17
2166,1440,12,swissalti3d,17
2166,1441,12,swissalti3d,17
2167,1441,12,swissalti3d,17
1070,715,11,swissalti3d,17
1071,715,11,swissalti3d,17
2155,1450,12,swissalti3d,17
2155,1451,12,swissalti3d,17
2158,1452,12,swissalti3d,17
2145,1457,12,swissalti3d,17
1063,717,11,swissalti3d,17
2149,1460,12,swissalti3d,17
2143,1452,12,swissalti3d,17
2143,1453,12,swissalti3d,17
2115,1453,12,swissalti3d,17
2158,1431,12,swissalti3d,17
2159,1431,12,swissalti3d,17
2123,1450,12,swissalti3d,17
2122,1450,12,swissalti3d,17
1059,723,11,swissalti3d,17
2123,1439,12,swissalti3d,17
2152,1454,12,swissalti3d,17
1093,714,11,debayern,16
1092,714,11,debayern,16
1077,693,11,debayern,16
1076,693,11,debayern,16
2190,1392,12,debayern,16
2190,1393,12,debayern,16
2174,1383,12,debayern,16
2175,1383,12,debayern,16
2174,1382,12,debayern,16
2160,1429,12,debayern,16
2161,1429,12,debayern,16
271,174,9,debayern,16
271,175,9,debayern,16
2196,1428,12,debayern,16
2197,1429,12,debayern,16
2196,1429,12,debayern,16
273,175,9,debayern,16
272,174,9,debayern,16
272,175,9,debayern,16
136,88,8,debayern,16
274,176,9,debayern,16
1102,705,11,debayern,16
2157,1394,12,debayern,16
1096,710,11,debayern,16
1096,711,11,debayern,16
538,348,10,debayern,16
1083,716,11,debayern,16
1082,716,11,debayern,16
1082,717,11,debayern,16
1083,705,11,debayern,16
1083,704,11,debayern,16
2177,1379,12,debayern,16
2176,1379,12,debayern,16
541,350,10,debayern,16
2186,1430,12,debayern,16
2187,1430,12,debayern,16
271,177,9,debayern,16
271,176,9,debayern,16
1081,701,11,debayern,16
1081,700,11,debayern,16
548,356,10,debayern,16
2178,1379,12,debayern,16
2173,1434,12,debayern,16
2172,1434,12,debayern,16
2150,1392,12,debayern,16
2151,1392,12,debayern,16
2151,1393,12,debayern,16
1101,706,11,debayern,16
1100,706,11,debayern,16
1100,707,11,debayern,16
2163,1378,12,debayern,16
2162,1379,12,debayern,16
2163,1379,12,debayern,16
2161,1416,12,debayern,16
2161,1417,12,debayern,16
2159,1396,12,debayern,16
2159,1397,12,debayern,16
1085,691,11,debayern,16
1084,691,11,debayern,16
1092,693,11,debayern,16
1093,693,11,debayern,16
1092,692,11,debayern,16
2163,1434,12,debayern,16
2163,1435,12,debayern,16
2162,1434,12,debayern,16
2171,1381,12,debayern,16
2180,1381,12,debayern,16
2181,1381,12,debayern,16
2184,1382,12,debayern,16
2185,1383,12,debayern,16
2184,1383,12,debayern,16
2190,1389,12,debayern,16
2204,1415,12,debayern,16
2205,1414,12,debayern,16
2204,1414,12,debayern,16
550,352,10,debayern,16
539,347,10,debayern,16
538,347,10,debayern,16
539,346,10,debayern,16
2179,1432,12,debayern,16
2178,1432,12,debayern,16
2178,1433,12,debayern,16
1099,708,11,debayern,16
1098,708,11,debayern,16
1098,709,11,debayern,16
272,173,9,debayern,16
548,354,10,debayern,16
2163,1422,12,debayern,16
2163,1423,12,debayern,16
2155,1384,12,debayern,16
2155,1385,12,debayern,16
2200,1416,12,debayern,16
2201,1416,12,debayern,16
2200,1417,12,debayern,16
1079,715,11,debayern,16
1097,715,11,debayern,16
1096,714,11,debayern,16
1097,714,11,debayern,16
2195,1420,12,debayern,16
2194,1420,12,debayern,16
2194,1421,12,debayern,16
2160,1398,12,debayern,16
2161,1398,12,debayern,16
1094,696,11,debayern,16
1094,697,11,debayern,16
1081,690,11,debayern,16
1080,691,11,debayern,16
1081,691,11,debayern,16
1075,695,11,debayern,16
1075,694,11,debayern,16
2151,1394,12,debayern,16
2151,1395,12,debayern,16
2150,1395,12,debayern,16
2187,1385,12,debayern,16
2186,1384,12,debayern,16
2186,1385,12,debayern,16
2203,1415,12,debayern,16
2202,1414,12,debayern,16
2203,1414,12,debayern,16
2157,1430,12,debayern,16
2157,1431,12,debayern,16
1091,691,11,debayern,16
1090,691,11,debayern,16
540,348,10,debayern,16
541,348,10,debayern,16
541,349,10,debayern,16
270,173,9,debayern,16
271,173,9,debayern,16
2161,1380,12,debayern,16
2161,1381,12,debayern,16
2160,1381,12,debayern,16
2196,1400,12,debayern,16
2196,1401,12,debayern,16
271,178,9,debayern,16
1088,690,11,debayern,16
1089,691,11,debayern,16
1088,691,11,debayern,16
1088,716,11,debayern,16
2175,1380,12,debayern,16
2175,1381,12,debayern,16
2163,1405,12,debayern,16
2163,1404,12,debayern,16
2162,1415,12,debayern,16
2163,1415,12,debayern,16
2152,1396,12,debayern,16
2153,1396,12,debayern,16
1081,698,11,debayern,16
1081,699,11,debayern,16
1080,698,11,debayern,16
2194,1423,12,debayern,16
2165,1406,12,debayern,16
2164,1406,12,debayern,16
541,356,10,debayern,16
541,357,10,debayern,16
1098,701,11,debayern,16
2197,1430,12,debayern,16
2196,1430,12,debayern,16
2196,1431,12,debayern,16
2189,1430,12,debayern,16
1094,714,11,debayern,16
1095,714,11,debayern,16
1086,716,11,debayern,16
1087,716,11,debayern,16
2175,1434,12,debayern,16
2174,1434,12,debayern,16
2176,1434,12,debayern,16
548,351,10,debayern,16
548,350,10,debayern,16
549,351,10,debayern,16
1094,694,11,debayern,16
1094,695,11,debayern,16
2190,1390,12,debayern,16
2190,1391,12,debayern,16
2166,1435,12,debayern,16
2166,1434,12,debayern,16
2165,1411,12,debayern,16
2164,1411,12,debayern,16
547,349,10,debayern,16
546,349,10,debayern,16
546,348,10,debayern,16
2164,1379,12,debayern,16
2193,1430,12,debayern,16
2193,1431,12,debayern,16
2200,1404,12,debayern,16
2200,1405,12,debayern,16
2159,1429,12,debayern,16
1090,714,11,debayern,16
1091,714,11,debayern,16
2195,1433,12,debayern,16
2195,1432,12,debayern,16
2194,1432,12,debayern,16
2164,1436,12,debayern,16
2202,1406,12,debayern,16
2202,1407,12,debayern,16
2203,1407,12,debayern,16
1100,703,11,debayern,16
1102,706,11,debayern,16
2190,1430,12,debayern,16
2191,1430,12,debayern,16
2183,1381,12,debayern,16
2182,1381,12,debayern,16
2159,1395,12,debayern,16
2158,1394,12,debayern,16
2159,1394,12,debayern,16
1081,714,11,debayern,16
1081,715,11,debayern,16
1080,715,11,debayern,16
2204,1409,12,debayern,16
2205,1409,12,debayern,16
2204,1408,12,debayern,16
2192,1398,12,debayern,16
2192,1399,12,debayern,16
2193,1399,12,debayern,16
1083,702,11,debayern,16
1082,702,11,debayern,16
1083,703,11,debayern,16
547,356,10,debayern,16
546,356,10,debayern,16
541,355,10,debayern,16
541,354,10,debayern,16
2179,1381,12,debayern,16
2178,1380,12,debayern,16
2178,1381,12,debayern,16
1083,691,11,debayern,16
1082,691,11,debayern,16
1082,690,11,debayern,16
2186,1383,12,debayern,16
545,356,10,debayern,16
544,357,10,debayern,16
544,356,10,debayern,16
2188,1387,12,debayern,16
1078,696,11,debayern,16
1079,696,11,debayern,16
2190,1395,12,debayern,16
2191,1395,12,debayern,16
2190,1394,12,debayern,16
1081,710,11,debayern,16
2166,1381,12,debayern,16
2166,1380,12,debayern,16
2167,1381,12,debayern,16
2196,1426,12,debayern,16
2150,1396,12,debayern,16
2151,1396,12,debayern,16
2180,1430,12,debayern,16
2181,1430,12,debayern,16
2180,1431,12,debayern,16
2185,1430,12,debayern,16
2184,1430,12,debayern,16
1079,691,11,debayern,16
2171,1432,12,debayern,16
2170,1432,12,debayern,16
1081,712,11,debayern,16
1081,713,11,debayern,16
2161,1418,12,debayern,16
1086,691,11,debayern,16
2196,1433,12,debayern,16
2196,1432,12,debayern,16
2163,1436,12,debayern,16
1081,709,11,debayern,16
1081,708,11,debayern,16
1075,693,11,debayern,16
2184,1381,12,debayern,16
2159,1381,12,debayern,16
2158,1381,12,debayern,16
1081,716,11,debayern,16
2161,1432,12,debayern,16
546,347,10,debayern,16
2183,1430,12,debayern,16
2182,1430,12,debayern,16
2198,1403,12,debayern,16
541,353,10,debayern,16
2198,1418,12,debayern,16
2199,1418,12,debayern,16
2200,1418,12,debayern,16
131,86,8,bewallonie,17
130,86,8,bewallonie,17
264,173,9,bewallonie,17
264,172,9,bewallonie,17
522,348,10,bewallonie,17
523,348,10,bewallonie,17
2080,1398,12,bewallonie,17
2081,1398,12,bewallonie,17
1060,697,11,bewallonie,17
1060,696,11,bewallonie,17
1060,691,11,bewallonie,17
1060,690,11,bewallonie,17
2111,1398,12,bewallonie,17
2110,1398,12,bewallonie,17
1048,698,11,bewallonie,17
1049,698,11,bewallonie,17
1058,698,11,bewallonie,17
1059,698,11,bewallonie,17
2091,1398,12,bewallonie,17
2090,1398,12,bewallonie,17
1042,687,11,bewallonie,17
1043,687,11,bewallonie,17
528,348,10,bewallonie,17
529,348,10,bewallonie,17
520,348,10,bewallonie,17
521,348,10,bewallonie,17
1056,687,11,bewallonie,17
1057,687,11,bewallonie,17
2092,1398,12,bewallonie,17
2093,1398,12,bewallonie,17
2113,1398,12,bewallonie,17
2112,1398,12,bewallonie,17
1040,687,11,bewallonie,17
1041,687,11,bewallonie,17
2120,1398,12,bewallonie,17
2121,1398,12,bewallonie,17
1054,687,11,bewallonie,17
1055,687,11,bewallonie,17
527,348,10,bewallonie,17
526,348,10,bewallonie,17
525,348,10,bewallonie,17
524,348,10,bewallonie,17
2083,1398,12,bewallonie,17
2082,1398,12,bewallonie,17
2105,1398,12,bewallonie,17
2104,1398,12,bewallonie,17
1042,698,11,bewallonie,17
1043,698,11,bewallonie,17
1056,698,11,bewallonie,17
1057,698,11,bewallonie,17
2119,1398,12,bewallonie,17
2118,1398,12,bewallonie,17
2103,1398,12,bewallonie,17
2102,1398,12,bewallonie,17
1060,694,11,bewallonie,17
1060,695,11,bewallonie,17
2114,1398,12,bewallonie,17
2115,1398,12,bewallonie,17
1041,698,11,bewallonie,17
1040,698,11,bewallonie,17
1054,698,11,bewallonie,17
1055,698,11,bewallonie,17
2096,1398,12,bewallonie,17
2097,1398,12,bewallonie,17
1048,687,11,bewallonie,17
1049,687,11,bewallonie,17
1058,687,11,bewallonie,17
1059,687,11,bewallonie,17
1047,687,11,bewallonie,17
1046,687,11,bewallonie,17
1045,687,11,bewallonie,17
1044,687,11,bewallonie,17
1060,689,11,bewallonie,17
1060,688,11,bewallonie,17
2085,1398,12,bewallonie,17
2084,1398,12,bewallonie,17
1060,698,11,bewallonie,17
1060,692,11,bewallonie,17
1060,693,11,bewallonie,17
2116,1398,12,bewallonie,17
2117,1398,12,bewallonie,17
2101,1398,12,bewallonie,17
2100,1398,12,bewallonie,17
2107,1398,12,bewallonie,17
2106,1398,12,bewallonie,17
1045,698,11,bewallonie,17
1044,698,11,bewallonie,17
2086,1398,12,bewallonie,17
2087,1398,12,bewallonie,17
1052,687,11,bewallonie,17
1053,687,11,bewallonie,17
2108,1398,12,bewallonie,17
2109,1398,12,bewallonie,17
2089,1398,12,bewallonie,17
2088,1398,12,bewallonie,17
2099,1398,12,bewallonie,17
2098,1398,12,bewallonie,17
1050,687,11,bewallonie,17
1051,687,11,bewallonie,17
1051,698,11,bewallonie,17
1050,698,11,bewallonie,17
2094,1398,12,bewallonie,17
2095,1398,12,bewallonie,17
1046,698,11,bewallonie,17
1047,698,11,bewallonie,17
1060,687,11,bewallonie,17
1052,698,11,bewallonie,17
1053,698,11,bewallonie,17
1096,676,11,debrandenburg,16
1097,676,11,debrandenburg,16
274,168,9,debrandenburg,16
275,168,9,debrandenburg,16
275,169,9,debrandenburg,16
2212,1328,12,debrandenburg,16
2212,1329,12,debrandenburg,16
2180,1334,12,debrandenburg,16
2181,1334,12,debrandenburg,16
2181,1335,12,debrandenburg,16
2211,1362,12,debrandenburg,16
2210,1362,12,debrandenburg,16
2178,1331,12,debrandenburg,16
2179,1330,12,debrandenburg,16
2179,1331,12,debrandenburg,16
2197,1360,12,debrandenburg,16
2196,1360,12,debrandenburg,16
2197,1361,12,debrandenburg,16
547,337,10,debrandenburg,16
547,336,10,debrandenburg,16
1099,665,11,debrandenburg,16
1098,665,11,debrandenburg,16
1099,664,11,debrandenburg,16
552,332,10,debrandenburg,16
275,167,9,debrandenburg,16
274,167,9,debrandenburg,16
275,166,9,debrandenburg,16
1094,664,11,debrandenburg,16
1095,665,11,debrandenburg,16
1094,665,11,debrandenburg,16
2198,1364,12,debrandenburg,16
2199,1364,12,debrandenburg,16
2183,1328,12,debrandenburg,16
2183,1329,12,debrandenburg,16
2182,1329,12,debrandenburg,16
547,334,10,debrandenburg,16
547,335,10,debrandenburg,16
550,340,10,debrandenburg,16
551,340,10,debrandenburg,16
1090,665,11,debrandenburg,16
1091,665,11,debrandenburg,16
1091,666,11,debrandenburg,16
1091,667,11,debrandenburg,16
1090,666,11,debrandenburg,16
1096,665,11,debrandenburg,16
1097,665,11,debrandenburg,16
1104,663,11,debrandenburg,16
546,332,10,debrandenburg,16
546,333,10,debrandenburg,16
547,333,10,debrandenburg,16
1106,671,11,debrandenburg,16
1106,670,11,debrandenburg,16
2187,1348,12,debrandenburg,16
2186,1349,12,debrandenburg,16
2187,1349,12,debrandenburg,16
549,333,10,debrandenburg,16
548,333,10,debrandenburg,16
1093,668,11,debrandenburg,16
1093,669,11,debrandenburg,16
1101,663,11,debrandenburg,16
1106,673,11,debrandenburg,16
1106,672,11,debrandenburg,16
2210,1325,12,debrandenburg,16
1099,681,11,debrandenburg,16
1099,680,11,debrandenburg,16
2196,1329,12,debrandenburg,16
2197,1329,12,debrandenburg,16
2208,1362,12,debrandenburg,16
2208,1363,12,debrandenburg,16
2197,1357,12,debrandenburg,16
2197,1356,12,debrandenburg,16
1089,666,11,debrandenburg,16
1088,666,11,debrandenburg,16
1102,662,11,debrandenburg,16
1103,663,11,debrandenburg,16
1102,663,11,debrandenburg,16
2214,1346,12,debrandenburg,16
2214,1347,12,debrandenburg,16
2215,1347,12,debrandenburg,16
2187,1344,12,debrandenburg,16
2187,1345,12,debrandenburg,16
2179,1329,12,debrandenburg,16
2201,1364,12,debrandenburg,16
2195,1355,12,debrandenburg,16
2194,1354,12,debrandenburg,16
2195,1354,12,debrandenburg,16
552,337,10,debrandenburg,16
553,337,10,debrandenburg,16
552,336,10,debrandenburg,16
2197,1363,12,debrandenburg,16
2197,1362,12,debrandenburg,16
2188,1327,12,debrandenburg,16
549,338,10,debrandenburg,16
1099,678,11,debrandenburg,16
1099,679,11,debrandenburg,16
2185,1336,12,debrandenburg,16
2184,1336,12,debrandenburg,16
2185,1337,12,debrandenburg,16
2214,1343,12,debrandenburg,16
2214,1342,12,debrandenburg,16
1093,670,11,debrandenburg,16
1093,671,11,debrandenburg,16
2186,1327,12,debrandenburg,16
2187,1327,12,debrandenburg,16
2205,1323,12,debrandenburg,16
2204,1323,12,debrandenburg,16
2203,1364,12,debrandenburg,16
2202,1364,12,debrandenburg,16
2183,1336,12,debrandenburg,16
2182,1336,12,debrandenburg,16
1095,676,11,debrandenburg,16
2196,1359,12,debrandenburg,16
2197,1358,12,debrandenburg,16
2197,1359,12,debrandenburg,16
1104,666,11,debrandenburg,16
1105,666,11,debrandenburg,16
1104,667,11,debrandenburg,16
1106,679,11,debrandenburg,16
1107,679,11,debrandenburg,16
1106,678,11,debrandenburg,16
2176,1331,12,debrandenburg,16
2177,1331,12,debrandenburg,16
2205,1364,12,debrandenburg,16
2204,1364,12,debrandenburg,16
2212,1339,12,debrandenburg,16
2214,1341,12,debrandenburg,16
1104,680,11,debrandenburg,16
1105,680,11,debrandenburg,16
2180,1329,12,debrandenburg,16
2181,1329,12,debrandenburg,16
2216,1360,12,debrandenburg,16
552,339,10,debrandenburg,16
552,338,10,debrandenburg,16
553,338,10,debrandenburg,16
2193,1329,12,debrandenburg,16
2192,1329,12,debrandenburg,16
1104,668,11,debrandenburg,16
1104,669,11,debrandenburg,16
1105,669,11,debrandenburg,16
2187,1347,12,debrandenburg,16
2187,1346,12,debrandenburg,16
2201,1327,12,debrandenburg,16
2206,1364,12,debrandenburg,16
2207,1364,12,debrandenburg,16
2211,1327,12,debrandenburg,16
2210,1326,12,debrandenburg,16
2210,1327,12,debrandenburg,16
2214,1356,12,debrandenburg,16
2214,1357,12,debrandenburg,16
2215,1357,12,debrandenburg,16
2187,1350,12,debrandenburg,16
2187,1351,12,debrandenburg,16
2212,1327,12,debrandenburg,16
2184,1327,12,debrandenburg,16
2185,1327,12,debrandenburg,16
1106,680,11,debrandenburg,16
1107,680,11,debrandenburg,16
2216,1352,12,debrandenburg,16
2189,1352,12,debrandenburg,16
2188,1352,12,debrandenburg,16
2202,1325,12,debrandenburg,16
2203,1325,12,debrandenburg,16
2210,1334,12,debrandenburg,16
2216,1359,12,debrandenburg,16
2214,1344,12,debrandenburg,16
2212,1330,12,debrandenburg,16
552,335,10,debrandenburg,16
2216,1351,12,debrandenburg,16
2207,1325,12,debrandenburg,16
2206,1325,12,debrandenburg,16
2206,1324,12,debrandenburg,16
2209,1325,12,debrandenburg,16
2208,1325,12,debrandenburg,16
2191,1329,12,debrandenburg,16
2190,1329,12,debrandenburg,16
2210,1337,12,debrandenburg,16
548,327,10,demv,16
549,326,10,demv,16
549,327,10,demv,16
1102,655,11,demv,16
1104,658,11,demv,16
2203,1307,12,demv,16
2202,1306,12,demv,16
2202,1307,12,demv,16
543,331,10,demv,16
543,330,10,demv,16
2197,1303,12,demv,16
2196,1303,12,demv,16
544,332,10,demv,16
2210,1317,12,demv,16
2210,1316,12,demv,16
274,165,9,demv,16
274,164,9,demv,16
1087,665,11,demv,16
1086,664,11,demv,16
1087,664,11,demv,16
273,164,9,demv,16
273,165,9,demv,16
272,165,9,demv,16
1102,656,11,demv,16
1103,657,11,demv,16
1102,657,11,demv,16
2206,1310,12,demv,16
1100,651,11,demv,16
550,328,10,demv,16
551,329,10,demv,16
550,329,10,demv,16
2179,1313,12,demv,16
2179,1312,12,demv,16
2178,1313,12,demv,16
2210,1328,12,demv,16
2211,1328,12,demv,16
2210,1329,12,demv,16
552,331,10,demv,16
1085,662,11,demv,16
1084,663,11,demv,16
1085,663,11,demv,16
1096,664,11,demv,16
1097,664,11,demv,16
1097,665,11,demv,16
1090,664,11,demv,16
1091,664,11,demv,16
2189,1307,12,demv,16
2188,1307,12,demv,16
2189,1306,12,demv,16
2204,1309,12,demv,16
2204,1308,12,demv,16
1100,653,11,demv,16
1101,652,11,demv,16
1100,652,11,demv,16
2202,1327,12,demv,16
2203,1326,12,demv,16
2202,1326,12,demv,16
2204,1307,12,demv,16
551,330,10,demv,16
550,330,10,demv,16
1101,662,11,demv,16
1100,662,11,demv,16
1100,663,11,demv,16
2208,1315,12,demv,16
2208,1314,12,demv,16
2209,1315,12,demv,16
1099,651,11,demv,16
2186,1328,12,demv,16
2187,1328,12,demv,16
2203,1310,12,demv,16
2203,1311,12,demv,16
2202,1310,12,demv,16
2206,1313,12,demv,16
2206,1312,12,demv,16
2207,1313,12,demv,16
1093,655,11,demv,16
2180,1330,12,demv,16
2181,1330,12,demv,16
2171,1328,12,demv,16
2170,1328,12,demv,16
2171,1317,12,demv,16
2170,1317,12,demv,16
2171,1316,12,demv,16
2209,1319,12,demv,16
2208,1319,12,demv,16
1085,659,11,demv,16
1103,662,11,demv,16
1102,662,11,demv,16
1101,654,11,demv,16
1100,654,11,demv,16
2212,1326,12,demv,16
2212,1327,12,demv,16
2200,1310,12,demv,16
2200,1311,12,demv,16
2191,1330,12,demv,16
1104,660,11,demv,16
1104,661,11,demv,16
1105,661,11,demv,16
2176,1315,12,demv,16
2177,1314,12,demv,16
2177,1315,12,demv,16
1098,664,11,demv,16
1099,664,11,demv,16
545,329,10,demv,16
545,328,10,demv,16
544,329,10,demv,16
2185,1328,12,demv,16
2184,1328,12,demv,16
2184,1329,12,demv,16
1100,664,11,demv,16
2184,1311,12,demv,16
2185,1311,12,demv,16
2179,1332,12,demv,16
2178,1332,12,demv,16
1089,657,11,demv,16
2177,1332,12,demv,16
2176,1332,12,demv,16
2180,1311,12,demv,16
2181,1311,12,demv,16
2206,1309,12,demv,16
543,329,10,demv,16
1097,653,11,demv,16
1096,653,11,demv,16
1095,664,11,demv,16
1094,664,11,demv,16
2198,1330,12,demv,16
2211,1321,12,demv,16
2210,1320,12,demv,16
2210,1321,12,demv,16
2207,1326,12,demv,16
2206,1326,12,demv,16
2169,1325,12,demv,16
2169,1324,12,demv,16
2168,1325,12,demv,16
2192,1330,12,demv,16
2193,1330,12,demv,16
2193,1331,12,demv,16
2210,1319,12,demv,16
2190,1305,12,demv,16
2187,1309,12,demv,16
2196,1330,12,demv,16
2196,1331,12,demv,16
2197,1330,12,demv,16
1087,657,11,demv,16
1086,657,11,demv,16
2183,1311,12,demv,16
2182,1311,12,demv,16
2200,1301,12,demv,16
2201,1301,12,demv,16
2182,1330,12,demv,16
2189,1305,12,demv,16
1095,653,11,demv,16
2198,1301,12,demv,16
2199,1301,12,demv,16
1104,664,11,demv,16
1085,661,11,demv,16
1085,660,11,demv,16
2195,1305,12,demv,16
2212,1328,12,demv,16
547,327,10,demv,16
2175,1332,12,demv,16
2202,1303,12,demv,16
2203,1303,12,demv,16
2173,1330,12,demv,16
2205,1326,12,demv,16
2171,1315,12,demv,16
293,154,9,ee,16
2336,1196,12,ee,16
2337,1197,12,ee,16
2336,1197,12,ee,16
589,302,10,ee,16
588,302,10,ee,16
588,303,10,ee,16
291,152,9,ee,16
291,153,9,ee,16
290,152,9,ee,16
1176,600,11,ee,16
1177,601,11,ee,16
1176,601,11,ee,16
1176,621,11,ee,16
1177,620,11,ee,16
1176,620,11,ee,16
2368,1206,12,ee,16
1171,599,11,ee,16
1170,598,11,ee,16
1170,599,11,ee,16
1159,612,11,ee,16
1166,598,11,ee,16
1167,599,11,ee,16
1166,599,11,ee,16
2321,1232,12,ee,16
2320,1232,12,ee,16
2297,1235,12,ee,16
2297,1234,12,ee,16
2362,1239,12,ee,16
2362,1238,12,ee,16
2351,1244,12,ee,16
2350,1244,12,ee,16
581,300,10,ee,16
580,301,10,ee,16
581,301,10,ee,16
146,75,8,ee,16
2331,1196,12,ee,16
2331,1197,12,ee,16
2330,1197,12,ee,16
1181,606,11,ee,16
2299,1236,12,ee,16
2298,1236,12,ee,16
2299,1214,12,ee,16
2298,1214,12,ee,16
2299,1215,12,ee,16
288,152,9,ee,16
1163,614,11,ee,16
1163,615,11,ee,16
1162,614,11,ee,16
1180,612,11,ee,16
2367,1201,12,ee,16
2366,1201,12,ee,16
2300,1234,12,ee,16
2300,1235,12,ee,16
2308,1228,12,ee,16
2308,1229,12,ee,16
2295,1222,12,ee,16
2295,1223,12,ee,16
1171,618,11,ee,16
2349,1244,12,ee,16
2348,1244,12,ee,16
2315,1209,12,ee,16
2314,1209,12,ee,16
2315,1208,12,ee,16
146,76,8,ee,16
1154,613,11,ee,16
1155,612,11,ee,16
1154,612,11,ee,16
2328,1197,12,ee,16
2329,1197,12,ee,16
2350,1196,12,ee,16
2350,1197,12,ee,16
1164,616,11,ee,16
1164,617,11,ee,16
1165,616,11,ee,16
1182,604,11,ee,16
291,151,9,ee,16
290,151,9,ee,16
291,150,9,ee,16
2360,1243,12,ee,16
2360,1242,12,ee,16
1178,610,11,ee,16
1178,611,11,ee,16
2362,1201,12,ee,16
2363,1201,12,ee,16
1149,616,11,ee,16
1149,617,11,ee,16
2325,1230,12,ee,16
2324,1230,12,ee,16
2325,1231,12,ee,16
2326,1237,12,ee,16
2326,1236,12,ee,16
1160,614,11,ee,16
1161,614,11,ee,16
1160,615,11,ee,16
2361,1226,12,ee,16
2360,1227,12,ee,16
2360,1226,12,ee,16
2364,1210,12,ee,16
2364,1211,12,ee,16
2317,1204,12,ee,16
2316,1205,12,ee,16
2317,1205,12,ee,16
2335,1234,12,ee,16
2334,1234,12,ee,16
2360,1240,12,ee,16
2361,1240,12,ee,16
2360,1241,12,ee,16
2360,1229,12,ee,16
2361,1229,12,ee,16
2360,1228,12,ee,16
2299,1221,12,ee,16
2340,1236,12,ee,16
2341,1236,12,ee,16
2341,1237,12,ee,16
2349,1199,12,ee,16
2348,1199,12,ee,16
2348,1198,12,ee,16
2360,1244,12,ee,16
1163,617,11,ee,16
1162,617,11,ee,16
1163,616,11,ee,16
2323,1230,12,ee,16
2322,1231,12,ee,16
2322,1230,12,ee,16
2315,1222,12,ee,16
2314,1222,12,ee,16
2314,1223,12,ee,16
2338,1197,12,ee,16
2339,1197,12,ee,16
1183,601,11,ee,16
1182,601,11,ee,16
2317,1225,12,ee,16
2316,1224,12,ee,16
2317,1224,12,ee,16
1169,599,11,ee,16
1168,599,11,ee,16
2358,1223,12,ee,16
2358,1222,12,ee,16
2311,1238,12,ee,16
2331,1234,12,ee,16
2330,1234,12,ee,16
294,153,9,ee,16
1159,602,11,ee,16
1158,603,11,ee,16
1159,603,11,ee,16
2358,1244,12,ee,16
2359,1244,12,ee,16
2325,1233,12,ee,16
2324,1233,12,ee,16
2325,1232,12,ee,16
2313,1237,12,ee,16
2312,1237,12,ee,16
2306,1230,12,ee,16
2307,1230,12,ee,16
2335,1196,12,ee,16
2335,1197,12,ee,16
2334,1197,12,ee,16
1173,621,11,ee,16
1173,620,11,ee,16
2305,1209,12,ee,16
2304,1209,12,ee,16
576,303,10,ee,16
577,303,10,ee,16
2360,1201,12,ee,16
2361,1201,12,ee,16
2360,1212,12,ee,16
2361,1212,12,ee,16
2349,1197,12,ee,16
2349,1196,12,ee,16
2315,1206,12,ee,16
2314,1206,12,ee,16
2315,1207,12,ee,16
579,305,10,ee,16
578,304,10,ee,16
579,304,10,ee,16
2357,1217,12,ee,16
2356,1216,12,ee,16
2356,1217,12,ee,16
2317,1226,12,ee,16
2344,1240,12,ee,16
2345,1240,12,ee,16
2345,1241,12,ee,16
1156,610,11,ee,16
1157,610,11,ee,16
1156,611,11,ee,16
1180,615,11,ee,16
1156,605,11,ee,16
1157,605,11,ee,16
2354,1200,12,ee,16
2354,1201,12,ee,16
2355,1201,12,ee,16
575,303,10,ee,16
1153,614,11,ee,16
1152,614,11,ee,16
1152,615,11,ee,16
1181,618,11,ee,16
1180,618,11,ee,16
1180,619,11,ee,16
2368,1201,12,ee,16
1181,601,11,ee,16
1180,601,11,ee,16
1169,616,11,ee,16
1168,616,11,ee,16
1169,617,11,ee,16
1153,605,11,ee,16
1152,605,11,ee,16
2313,1204,12,ee,16
2313,1205,12,ee,16
2354,1242,12,ee,16
2355,1242,12,ee,16
2295,1228,12,ee,16
2295,1229,12,ee,16
2306,1209,12,ee,16
2307,1209,12,ee,16
2307,1208,12,ee,16
1184,602,11,ee,16
585,308,10,ee,16
2319,1226,12,ee,16
2318,1226,12,ee,16
2319,1227,12,ee,16
1179,601,11,ee,16
1178,601,11,ee,16
1167,616,11,ee,16
1166,616,11,ee,16
588,304,10,ee,16
588,305,10,ee,16
2366,1206,12,ee,16
2367,1206,12,ee,16
2366,1207,12,ee,16
2343,1197,12,ee,16
2342,1196,12,ee,16
2342,1197,12,ee,16
294,154,9,ee,16
1172,599,11,ee,16
1173,599,11,ee,16
2332,1195,12,ee,16
2333,1195,12,ee,16
2336,1234,12,ee,16
2337,1234,12,ee,16
2310,1209,12,ee,16
2311,1209,12,ee,16
2362,1240,12,ee,16
1182,603,11,ee,16
1183,602,11,ee,16
1182,602,11,ee,16
1182,618,11,ee,16
2295,1224,12,ee,16
2295,1225,12,ee,16
2302,1218,12,ee,16
2303,1218,12,ee,16
2303,1219,12,ee,16
1148,611,11,ee,16
1149,611,11,ee,16
590,302,10,ee,16
2332,1234,12,ee,16
2353,1199,12,ee,16
2352,1199,12,ee,16
1151,608,11,ee,16
589,301,10,ee,16
588,301,10,ee,16
589,310,10,ee,16
578,303,10,ee,16
579,302,10,ee,16
579,303,10,ee,16
2362,1225,12,ee,16
2362,1224,12,ee,16
2358,1201,12,ee,16
2359,1201,12,ee,16
587,310,10,ee,16
2314,1224,12,ee,16
1184,601,11,ee,16
2297,1236,12,ee,16
1148,614,11,ee,16
1149,614,11,ee,16
1149,615,11,ee,16
2356,1212,12,ee,16
2357,1212,12,ee,16
2356,1213,12,ee,16
2358,1220,12,ee,16
2358,1221,12,ee,16
2356,1201,12,ee,16
2357,1201,12,ee,16
1165,599,11,ee,16
1164,599,11,ee,16
2301,1232,12,ee,16
2300,1233,12,ee,16
2300,1232,12,ee,16
576,306,10,ee,16
2312,1224,12,ee,16
2313,1224,12,ee,16
2350,1199,12,ee,16
2351,1199,12,ee,16
1178,609,11,ee,16
2319,1203,12,ee,16
2318,1203,12,ee,16
2327,1197,12,ee,16
2326,1197,12,ee,16
1154,604,11,ee,16
1155,605,11,ee,16
1154,605,11,ee,16
575,306,10,ee,16
575,307,10,ee,16
574,306,10,ee,16
1163,599,11,ee,16
2343,1238,12,ee,16
2343,1239,12,ee,16
2311,1237,12,ee,16
2302,1211,12,ee,16
2303,1211,12,ee,16
2297,1232,12,ee,16
2297,1233,12,ee,16
2347,1194,12,ee,16
2364,1212,12,ee,16
2364,1213,12,ee,16
2365,1235,12,ee,16
2364,1235,12,ee,16
2358,1212,12,ee,16
2359,1212,12,ee,16
2313,1209,12,ee,16
2312,1209,12,ee,16
2348,1194,12,ee,16
2313,1206,12,ee,16
1160,601,11,ee,16
1161,601,11,ee,16
2319,1229,12,ee,16
2319,1228,12,ee,16
590,301,10,ee,16
580,306,10,ee,16
581,306,10,ee,16
2362,1231,12,ee,16
2362,1230,12,ee,16
2323,1201,12,ee,16
2358,1219,12,ee,16
575,305,10,ee,16
1149,606,11,ee,16
2310,1226,12,ee,16
2339,1236,12,ee,16
2348,1193,12,ee,16
2308,1230,12,ee,16
1156,619,11,ee,16
2344,1197,12,ee,16
2345,1197,12,ee,16
1157,602,11,ee,16
1162,618,11,ee,16
1147,613,11,ee,16
2347,1193,12,ee,16
2345,1242,12,ee,16
590,308,10,ee,16
539,340,10,deniedersachsen,16
269,167,9,deniedersachsen,16
268,167,9,deniedersachsen,16
269,166,9,deniedersachsen,16
1085,668,11,deniedersachsen,16
1084,668,11,deniedersachsen,16
1084,669,11,deniedersachsen,16
2172,1327,12,deniedersachsen,16
2173,1327,12,deniedersachsen,16
267,166,9,deniedersachsen,16
267,167,9,deniedersachsen,16
266,167,9,deniedersachsen,16
1084,679,11,deniedersachsen,16
539,339,10,deniedersachsen,16
539,338,10,deniedersachsen,16
1087,665,11,deniedersachsen,16
1086,664,11,deniedersachsen,16
1086,665,11,deniedersachsen,16
1082,663,11,deniedersachsen,16
1083,663,11,deniedersachsen,16
2172,1342,12,deniedersachsen,16
2173,1343,12,deniedersachsen,16
2172,1343,12,deniedersachsen,16
2125,1324,12,deniedersachsen,16
2124,1324,12,deniedersachsen,16
2174,1329,12,deniedersachsen,16
2160,1325,12,deniedersachsen,16
2161,1325,12,deniedersachsen,16
543,333,10,deniedersachsen,16
542,332,10,deniedersachsen,16
542,333,10,deniedersachsen,16
1078,661,11,deniedersachsen,16
1065,666,11,deniedersachsen,16
1065,667,11,deniedersachsen,16
2127,1326,12,deniedersachsen,16
2127,1327,12,deniedersachsen,16
2170,1327,12,deniedersachsen,16
2171,1327,12,deniedersachsen,16
2125,1321,12,deniedersachsen,16
542,337,10,deniedersachsen,16
542,336,10,deniedersachsen,16
2123,1324,12,deniedersachsen,16
2158,1366,12,deniedersachsen,16
2124,1344,12,deniedersachsen,16
2125,1344,12,deniedersachsen,16
270,167,9,deniedersachsen,16
270,166,9,deniedersachsen,16
1068,672,11,deniedersachsen,16
1069,672,11,deniedersachsen,16
1069,673,11,deniedersachsen,16
2162,1325,12,deniedersachsen,16
2163,1325,12,deniedersachsen,16
2135,1319,12,deniedersachsen,16
2134,1319,12,deniedersachsen,16
540,340,10,deniedersachsen,16
1076,676,11,deniedersachsen,16
1077,677,11,deniedersachsen,16
1077,676,11,deniedersachsen,16
270,169,9,deniedersachsen,16
270,168,9,deniedersachsen,16
2171,1339,12,deniedersachsen,16
2170,1339,12,deniedersachsen,16
2170,1338,12,deniedersachsen,16
2177,1336,12,deniedersachsen,16
2176,1336,12,deniedersachsen,16
2133,1319,12,deniedersachsen,16
2132,1319,12,deniedersachsen,16
1063,660,11,deniedersachsen,16
1063,661,11,deniedersachsen,16
1062,661,11,deniedersachsen,16
2175,1336,12,deniedersachsen,16
2174,1336,12,deniedersachsen,16
2168,1356,12,deniedersachsen,16
2168,1357,12,deniedersachsen,16
2169,1357,12,deniedersachsen,16
2144,1348,12,deniedersachsen,16
2144,1349,12,deniedersachsen,16
268,165,9,deniedersachsen,16
539,331,10,deniedersachsen,16
538,330,10,deniedersachsen,16
538,331,10,deniedersachsen,16
2162,1364,12,deniedersachsen,16
269,168,9,deniedersachsen,16
2129,1328,12,deniedersachsen,16
2129,1329,12,deniedersachsen,16
2128,1328,12,deniedersachsen,16
1070,674,11,deniedersachsen,16
1070,675,11,deniedersachsen,16
1071,674,11,deniedersachsen,16
542,335,10,deniedersachsen,16
2136,1346,12,deniedersachsen,16
2137,1346,12,deniedersachsen,16
2123,1342,12,deniedersachsen,16
1078,682,11,deniedersachsen,16
1079,682,11,deniedersachsen,16
1080,663,11,deniedersachsen,16
1081,663,11,deniedersachsen,16
2131,1319,12,deniedersachsen,16
1086,672,11,deniedersachsen,16
1086,673,11,deniedersachsen,16
2161,1364,12,deniedersachsen,16
2160,1364,12,deniedersachsen,16
2151,1351,12,deniedersachsen,16
2150,1350,12,deniedersachsen,16
2151,1350,12,deniedersachsen,16
1088,667,11,deniedersachsen,16
1088,666,11,deniedersachsen,16
1089,667,11,deniedersachsen,16
2127,1348,12,deniedersachsen,16
535,331,10,deniedersachsen,16
534,330,10,deniedersachsen,16
534,331,10,deniedersachsen,16
2152,1317,12,deniedersachsen,16
2153,1317,12,deniedersachsen,16
2131,1348,12,deniedersachsen,16
2130,1348,12,deniedersachsen,16
2172,1341,12,deniedersachsen,16
2172,1340,12,deniedersachsen,16
2178,1333,12,deniedersachsen,16
2179,1333,12,deniedersachsen,16
2178,1332,12,deniedersachsen,16
2156,1320,12,deniedersachsen,16
2156,1321,12,deniedersachsen,16
2127,1324,12,deniedersachsen,16
2127,1325,12,deniedersachsen,16
2144,1344,12,deniedersachsen,16
2144,1345,12,deniedersachsen,16
2143,1351,12,deniedersachsen,16
2142,1350,12,deniedersachsen,16
2143,1350,12,deniedersachsen,16
1075,672,11,deniedersachsen,16
1074,672,11,deniedersachsen,16
1075,673,11,deniedersachsen,16
2129,1333,12,deniedersachsen,16
2129,1332,12,deniedersachsen,16
2155,1319,12,deniedersachsen,16
2154,1319,12,deniedersachsen,16
2154,1318,12,deniedersachsen,16
533,332,10,deniedersachsen,16
533,333,10,deniedersachsen,16
266,165,9,deniedersachsen,16
2123,1322,12,deniedersachsen,16
2122,1322,12,deniedersachsen,16
2123,1323,12,deniedersachsen,16
2129,1348,12,deniedersachsen,16
2128,1348,12,deniedersachsen,16
2137,1318,12,deniedersachsen,16
2137,1319,12,deniedersachsen,16
2136,1319,12,deniedersachsen,16
2148,1333,12,deniedersachsen,16
2149,1332,12,deniedersachsen,16
2149,1333,12,deniedersachsen,16
2147,1317,12,deniedersachsen,16
2146,1317,12,deniedersachsen,16
536,333,10,deniedersachsen,16
537,332,10,deniedersachsen,16
536,332,10,deniedersachsen,16
1075,666,11,deniedersachsen,16
1075,667,11,deniedersachsen,16
1074,667,11,deniedersachsen,16
1066,672,11,deniedersachsen,16
1067,672,11,deniedersachsen,16
2173,1336,12,deniedersachsen,16
2172,1336,12,deniedersachsen,16
2172,1337,12,deniedersachsen,16
2149,1348,12,deniedersachsen,16
2138,1319,12,deniedersachsen,16
2138,1318,12,deniedersachsen,16
2139,1319,12,deniedersachsen,16
1083,680,11,deniedersachsen,16
1082,680,11,deniedersachsen,16
2158,1323,12,deniedersachsen,16
2159,1323,12,deniedersachsen,16
2168,1327,12,deniedersachsen,16
2169,1327,12,deniedersachsen,16
1076,659,11,deniedersachsen,16
1065,664,11,deniedersachsen,16
1065,665,11,deniedersachsen,16
1073,659,11,deniedersachsen,16
1072,659,11,deniedersachsen,16
2165,1325,12,deniedersachsen,16
2178,1336,12,deniedersachsen,16
2137,1348,12,deniedersachsen,16
2137,1349,12,deniedersachsen,16
1086,674,11,deniedersachsen,16
1086,675,11,deniedersachsen,16
2145,1317,12,deniedersachsen,16
532,336,10,deniedersachsen,16
2154,1317,12,deniedersachsen,16
535,336,10,deniedersachsen,16
2144,1347,12,deniedersachsen,16
2144,1346,12,deniedersachsen,16
2172,1352,12,deniedersachsen,16
2127,1347,12,deniedersachsen,16
2127,1346,12,deniedersachsen,16
2170,1352,12,deniedersachsen,16
2171,1352,12,deniedersachsen,16
2165,1362,12,deniedersachsen,16
2164,1363,12,deniedersachsen,16
2164,1362,12,deniedersachsen,16
2150,1317,12,deniedersachsen,16
2151,1317,12,deniedersachsen,16
2140,1352,12,deniedersachsen,16
2137,1352,12,deniedersachsen,16
2174,1346,12,deniedersachsen,16
2127,1328,12,deniedersachsen,16
2138,1352,12,deniedersachsen,16
2139,1352,12,deniedersachsen,16
1075,659,11,deniedersachsen,16
1074,659,11,deniedersachsen,16
1069,674,11,deniedersachsen,16
1069,675,11,deniedersachsen,16
2149,1347,12,deniedersachsen,16
1063,672,11,deniedersachsen,16
2176,1331,12,deniedersachsen,16
2144,1350,12,deniedersachsen,16
1077,679,11,deniedersachsen,16
1077,678,11,deniedersachsen,16
2129,1334,12,deniedersachsen,16
2129,1335,12,deniedersachsen,16
2153,1355,12,deniedersachsen,16
2153,1354,12,deniedersachsen,16
2133,1346,12,deniedersachsen,16
2132,1346,12,deniedersachsen,16
2132,1347,12,deniedersachsen,16
2140,1321,12,deniedersachsen,16
2129,1331,12,deniedersachsen,16
2129,1330,12,deniedersachsen,16
1084,676,11,deniedersachsen,16
1084,677,11,deniedersachsen,16
2174,1348,12,deniedersachsen,16
2174,1349,12,deniedersachsen,16
1075,674,11,deniedersachsen,16
1071,661,11,deniedersachsen,16
1070,661,11,deniedersachsen,16
1084,680,11,deniedersachsen,16
2174,1345,12,deniedersachsen,16
2137,1351,12,deniedersachsen,16
2180,1333,12,deniedersachsen,16
2134,1346,12,deniedersachsen,16
1073,672,11,deniedersachsen,16
531,335,10,deniedersachsen,16
1100,672,11,deberlin,16
1101,672,11,deberlin,16
2204,1344,12,deberlin,16
2204,1345,12,deberlin,16
2202,1346,12,deberlin,16
2203,1346,12,deberlin,16
2200,1346,12,deberlin,16
2197,1341,12,deberlin,16
2197,1342,12,deberlin,16
2197,1343,12,deberlin,16
1099,671,11,deberlin,16
1099,670,11,deberlin,16
1100,670,11,deberlin,16
1101,671,11,deberlin,16
1100,671,11,deberlin,16
1098,672,11,deberlin,16
1099,672,11,deberlin,16
2202,1341,12,deberlin,16
530,348,10,lu,16
2120,1398,12,lu,16
2121,1398,12,lu,16
2122,1397,12,lu,16
2122,1396,12,lu,16
1058,693,11,lu,16
1058,698,11,lu,16
1059,698,11,lu,16
1060,698,11,lu,16
1061,699,11,lu,16
529,347,10,lu,16
1057,694,11,lu,16
1057,695,11,lu,16
529,348,10,lu,16
2115,1386,12,lu,16
2115,1387,12,lu,16
2114,1387,12,lu,16
2115,1385,12,lu,16
1057,696,11,lu,16
1057,697,11,lu,16
2113,1390,12,lu,16
2113,1391,12,lu,16
2113,1389,12,lu,16
2113,1395,12,lu,16
2122,1391,12,lu,16
2113,1396,12,lu,16
2113,1397,12,lu,16
2118,1386,12,lu,16
2118,1387,12,lu,16
1057,698,11,lu,16
2113,1392,12,lu,16
2113,1393,12,lu,16
2116,1385,12,lu,16
2120,1389,12,lu,16
2116,1398,12,lu,16
2117,1398,12,lu,16
1060,695,11,lu,16
2113,1398,12,lu,16
2119,1398,12,lu,16
2118,1398,12,lu,16
2114,1398,12,lu,16
2115,1398,12,lu,16
2208,1412,12,atoberoesterreich,17
2209,1413,12,atoberoesterreich,17
2208,1413,12,atoberoesterreich,17
1106,714,11,atoberoesterreich,17
552,355,10,atoberoesterreich,17
552,354,10,atoberoesterreich,17
553,354,10,atoberoesterreich,17
275,177,9,atoberoesterreich,17
2205,1410,12,atoberoesterreich,17
2205,1411,12,atoberoesterreich,17
2204,1411,12,atoberoesterreich,17
551,356,10,atoberoesterreich,17
550,356,10,atoberoesterreich,17
2192,1422,12,atoberoesterreich,17
2193,1422,12,atoberoesterreich,17
2193,1423,12,atoberoesterreich,17
2206,1411,12,atoberoesterreich,17
2207,1411,12,atoberoesterreich,17
2206,1410,12,atoberoesterreich,17
2218,1417,12,atoberoesterreich,17
2218,1416,12,atoberoesterreich,17
1104,707,11,atoberoesterreich,17
1105,707,11,atoberoesterreich,17
2214,1428,12,atoberoesterreich,17
2215,1428,12,atoberoesterreich,17
2194,1424,12,atoberoesterreich,17
2209,1430,12,atoberoesterreich,17
2208,1430,12,atoberoesterreich,17
2214,1413,12,atoberoesterreich,17
2215,1413,12,atoberoesterreich,17
2214,1412,12,atoberoesterreich,17
1104,714,11,atoberoesterreich,17
1105,714,11,atoberoesterreich,17
1099,709,11,atoberoesterreich,17
2198,1426,12,atoberoesterreich,17
2199,1426,12,atoberoesterreich,17
2199,1427,12,atoberoesterreich,17
1108,707,11,atoberoesterreich,17
1108,708,11,atoberoesterreich,17
1108,709,11,atoberoesterreich,17
2204,1428,12,atoberoesterreich,17
2204,1429,12,atoberoesterreich,17
2205,1428,12,atoberoesterreich,17
549,355,10,atoberoesterreich,17
1101,716,11,atoberoesterreich,17
2207,1430,12,atoberoesterreich,17
1101,714,11,atoberoesterreich,17
1101,715,11,atoberoesterreich,17
2205,1413,12,atoberoesterreich,17
2204,1413,12,atoberoesterreich,17
2205,1412,12,atoberoesterreich,17
1106,706,11,atoberoesterreich,17
1106,707,11,atoberoesterreich,17
1107,707,11,atoberoesterreich,17
1103,706,11,atoberoesterreich,17
1103,707,11,atoberoesterreich,17
1102,707,11,atoberoesterreich,17
1107,710,11,atoberoesterreich,17
1106,711,11,atoberoesterreich,17
1106,710,11,atoberoesterreich,17
2201,1428,12,atoberoesterreich,17
2201,1429,12,atoberoesterreich,17
2200,1428,12,atoberoesterreich,17
2199,1417,12,atoberoesterreich,17
552,356,10,atoberoesterreich,17
553,356,10,atoberoesterreich,17
2204,1431,12,atoberoesterreich,17
2204,1430,12,atoberoesterreich,17
1097,710,11,atoberoesterreich,17
1097,711,11,atoberoesterreich,17
1101,707,11,atoberoesterreich,17
1100,707,11,atoberoesterreich,17
2201,1413,12,atoberoesterreich,17
2216,1420,12,atoberoesterreich,17
2217,1420,12,atoberoesterreich,17
2193,1421,12,atoberoesterreich,17
2192,1421,12,atoberoesterreich,17
2193,1420,12,atoberoesterreich,17
2201,1431,12,atoberoesterreich,17
2201,1430,12,atoberoesterreich,17
2218,1420,12,atoberoesterreich,17
2201,1432,12,atoberoesterreich,17
2211,1430,12,atoberoesterreich,17
2210,1430,12,atoberoesterreich,17
2216,1425,12,atoberoesterreich,17
2196,1419,12,atoberoesterreich,17
2197,1418,12,atoberoesterreich,17
2197,1419,12,atoberoesterreich,17
2204,1432,12,atoberoesterreich,17
2204,1433,12,atoberoesterreich,17
1103,714,11,atoberoesterreich,17
2195,1419,12,atoberoesterreich,17
2218,1418,12,atoberoesterreich,17
2218,1419,12,atoberoesterreich,17
1099,712,11,atoberoesterreich,17
2202,1413,12,atoberoesterreich,17
2203,1413,12,atoberoesterreich,17
2197,1424,12,atoberoesterreich,17
2196,1424,12,atoberoesterreich,17
2210,1413,12,atoberoesterreich,17
2211,1413,12,atoberoesterreich,17
2216,1426,12,atoberoesterreich,17
2559,2193,12,frrgealti5mayotte,14
2559,2192,12,frrgealti5mayotte,14
2559,2194,12,frrgealti5mayotte,14
2562,2196,12,frrgealti5mayotte,14
2562,2197,12,frrgealti5mayotte,14
2563,2196,12,frrgealti5mayotte,14
2562,2193,12,frrgealti5mayotte,14
2563,2193,12,frrgealti5mayotte,14
1280,1097,11,frrgealti5mayotte,14
1280,1096,11,frrgealti5mayotte,14
1281,1097,11,frrgealti5mayotte,14
1280,1098,11,frrgealti5mayotte,14
1090,667,11,desachsenanhalt,16
2167,1352,12,desachsenanhalt,16
2167,1353,12,desachsenanhalt,16
2177,1367,12,desachsenanhalt,16
2177,1366,12,desachsenanhalt,16
2169,1358,12,desachsenanhalt,16
2169,1359,12,desachsenanhalt,16
2168,1358,12,desachsenanhalt,16
272,169,9,desachsenanhalt,16
272,168,9,desachsenanhalt,16
273,169,9,desachsenanhalt,16
546,334,10,desachsenanhalt,16
546,335,10,desachsenanhalt,16
1098,678,11,desachsenanhalt,16
1098,679,11,desachsenanhalt,16
1084,678,11,desachsenanhalt,16
1085,678,11,desachsenanhalt,16
1085,679,11,desachsenanhalt,16
543,334,10,desachsenanhalt,16
543,335,10,desachsenanhalt,16
543,339,10,desachsenanhalt,16
542,338,10,desachsenanhalt,16
543,338,10,desachsenanhalt,16
545,340,10,desachsenanhalt,16
545,341,10,desachsenanhalt,16
544,340,10,desachsenanhalt,16
546,336,10,desachsenanhalt,16
546,337,10,desachsenanhalt,16
2177,1368,12,desachsenanhalt,16
2177,1369,12,desachsenanhalt,16
2171,1340,12,desachsenanhalt,16
2170,1340,12,desachsenanhalt,16
2171,1341,12,desachsenanhalt,16
1086,672,11,desachsenanhalt,16
1087,672,11,desachsenanhalt,16
1087,673,11,desachsenanhalt,16
2170,1360,12,desachsenanhalt,16
2171,1360,12,desachsenanhalt,16
2171,1361,12,desachsenanhalt,16
1085,668,11,desachsenanhalt,16
1085,669,11,desachsenanhalt,16
2186,1366,12,desachsenanhalt,16
2186,1367,12,desachsenanhalt,16
2187,1367,12,desachsenanhalt,16
2174,1335,12,desachsenanhalt,16
2175,1335,12,desachsenanhalt,16
2188,1343,12,desachsenanhalt,16
548,339,10,desachsenanhalt,16
2171,1351,12,desachsenanhalt,16
2170,1351,12,desachsenanhalt,16
272,167,9,desachsenanhalt,16
2188,1345,12,desachsenanhalt,16
2188,1344,12,desachsenanhalt,16
2182,1334,12,desachsenanhalt,16
2183,1335,12,desachsenanhalt,16
2182,1335,12,desachsenanhalt,16
2180,1370,12,desachsenanhalt,16
2181,1370,12,desachsenanhalt,16
2188,1370,12,desachsenanhalt,16
2188,1371,12,desachsenanhalt,16
1087,674,11,desachsenanhalt,16
1086,675,11,desachsenanhalt,16
1087,675,11,desachsenanhalt,16
2183,1370,12,desachsenanhalt,16
2182,1370,12,desachsenanhalt,16
2189,1351,12,desachsenanhalt,16
2188,1351,12,desachsenanhalt,16
2188,1350,12,desachsenanhalt,16
1096,677,11,desachsenanhalt,16
1097,677,11,desachsenanhalt,16
1096,676,11,desachsenanhalt,16
2188,1346,12,desachsenanhalt,16
2188,1347,12,desachsenanhalt,16
2176,1364,12,desachsenanhalt,16
2177,1365,12,desachsenanhalt,16
2177,1364,12,desachsenanhalt,16
1089,684,11,desachsenanhalt,16
1089,682,11,desachsenanhalt,16
1089,683,11,desachsenanhalt,16
546,342,10,desachsenanhalt,16
2171,1362,12,desachsenanhalt,16
2188,1348,12,desachsenanhalt,16
2188,1349,12,desachsenanhalt,16
2173,1347,12,desachsenanhalt,16
2173,1346,12,desachsenanhalt,16
2172,1346,12,desachsenanhalt,16
2173,1335,12,desachsenanhalt,16
2172,1335,12,desachsenanhalt,16
1092,682,11,desachsenanhalt,16
1092,683,11,desachsenanhalt,16
1093,682,11,desachsenanhalt,16
543,340,10,desachsenanhalt,16
2172,1349,12,desachsenanhalt,16
2173,1348,12,desachsenanhalt,16
2173,1349,12,desachsenanhalt,16
2190,1360,12,desachsenanhalt,16
2191,1360,12,desachsenanhalt,16
2188,1369,12,desachsenanhalt,16
2178,1333,12,desachsenanhalt,16
2179,1333,12,desachsenanhalt,16
1090,684,11,desachsenanhalt,16
1091,684,11,desachsenanhalt,16
2198,1356,12,desachsenanhalt,16
2198,1357,12,desachsenanhalt,16
1089,667,11,desachsenanhalt,16
546,340,10,desachsenanhalt,16
2198,1358,12,desachsenanhalt,16
2195,1353,12,desachsenanhalt,16
2194,1353,12,desachsenanhalt,16
2186,1372,12,desachsenanhalt,16
2187,1372,12,desachsenanhalt,16
2174,1364,12,desachsenanhalt,16
2175,1364,12,desachsenanhalt,16
2168,1351,12,desachsenanhalt,16
2169,1351,12,desachsenanhalt,16
2177,1335,12,desachsenanhalt,16
2184,1335,12,desachsenanhalt,16
2192,1360,12,desachsenanhalt,16
2180,1333,12,desachsenanhalt,16
2181,1333,12,desachsenanhalt,16
1094,680,11,desachsenanhalt,16
2185,1372,12,desachsenanhalt,16
1098,677,11,desachsenanhalt,16
1115,716,11,atburgenland,14
1115,717,11,atburgenland,14
2229,1426,12,atburgenland,14
2229,1427,12,atburgenland,14
2229,1439,12,atburgenland,14
2229,1438,12,atburgenland,14
2239,1421,12,atburgenland,14
2238,1421,12,atburgenland,14
1115,718,11,atburgenland,14
1115,719,11,atburgenland,14
560,358,10,atburgenland,14
560,359,10,atburgenland,14
2229,1428,12,atburgenland,14
2229,1429,12,atburgenland,14
2229,1440,12,atburgenland,14
2229,1441,12,atburgenland,14
560,360,10,atburgenland,14
2237,1421,12,atburgenland,14
2236,1421,12,atburgenland,14
2240,1421,12,atburgenland,14
2241,1421,12,atburgenland,14
1115,721,11,atburgenland,14
1115,720,11,atburgenland,14
2234,1421,12,atburgenland,14
2235,1421,12,atburgenland,14
2229,1431,12,atburgenland,14
2229,1430,12,atburgenland,14
1118,711,11,atburgenland,14
1119,711,11,atburgenland,14
2229,1442,12,atburgenland,14
2229,1443,12,atburgenland,14
1115,713,11,atburgenland,14
1115,712,11,atburgenland,14
279,179,9,atburgenland,14
279,178,9,atburgenland,14
2229,1432,12,atburgenland,14
2229,1433,12,atburgenland,14
2229,1423,12,atburgenland,14
2229,1422,12,atburgenland,14
1115,714,11,atburgenland,14
1115,715,11,atburgenland,14
2229,1424,12,atburgenland,14
2229,1425,12,atburgenland,14
2229,1437,12,atburgenland,14
2229,1436,12,atburgenland,14
2231,1421,12,atburgenland,14
2230,1421,12,atburgenland,14
1120,711,11,atburgenland,14
1121,711,11,atburgenland,14
558,360,10,atburgenland,14
559,360,10,atburgenland,14
2229,1434,12,atburgenland,14
2229,1435,12,atburgenland,14
2233,1421,12,atburgenland,14
2232,1421,12,atburgenland,14
560,356,10,atburgenland,14
560,357,10,atburgenland,14
2242,1421,12,atburgenland,14
2243,1421,12,atburgenland,14
1115,711,11,atburgenland,14
2229,1421,12,atburgenland,14
1116,711,11,atburgenland,14
1117,711,11,atburgenland,14
1340,1148,11,frrgealti5reunion,14
1341,1148,11,frrgealti5reunion,14
2681,2291,12,frrgealti5reunion,14
2680,2290,12,frrgealti5reunion,14
2680,2291,12,frrgealti5reunion,14
2682,2293,12,frrgealti5reunion,14
2682,2292,12,frrgealti5reunion,14
2683,2293,12,frrgealti5reunion,14
1339,1148,11,frrgealti5reunion,14
1340,1147,11,frrgealti5reunion,14
1341,1147,11,frrgealti5reunion,14
1340,1146,11,frrgealti5reunion,14
2676,2296,12,frrgealti5reunion,14
2677,2296,12,frrgealti5reunion,14
1338,1145,11,frrgealti5reunion,14
1339,1145,11,frrgealti5reunion,14
2675,2292,12,frrgealti5reunion,14
2675,2293,12,frrgealti5reunion,14
669,573,10,frrgealti5reunion,14
546,345,10,desachsen,16
547,344,10,desachsen,16
2190,1382,12,desachsen,16
2191,1382,12,desachsen,16
2190,1383,12,desachsen,16
2182,1379,12,desachsen,16
2183,1378,12,desachsen,16
2183,1379,12,desachsen,16
552,342,10,desachsen,16
553,342,10,desachsen,16
547,340,10,desachsen,16
547,341,10,desachsen,16
1105,681,11,desachsen,16
1104,681,11,desachsen,16
2198,1380,12,desachsen,16
1098,680,11,desachsen,16
1098,681,11,desachsen,16
2207,1374,12,desachsen,16
2206,1374,12,desachsen,16
2206,1375,12,desachsen,16
2218,1363,12,desachsen,16
2218,1362,12,desachsen,16
2183,1380,12,desachsen,16
2182,1380,12,desachsen,16
2183,1381,12,desachsen,16
1108,681,11,desachsen,16
2192,1382,12,desachsen,16
2186,1375,12,desachsen,16
2187,1375,12,desachsen,16
2187,1374,12,desachsen,16
2191,1359,12,desachsen,16
2190,1359,12,desachsen,16
1095,686,11,desachsen,16
1095,687,11,desachsen,16
1094,687,11,desachsen,16
274,171,9,desachsen,16
2200,1378,12,desachsen,16
2201,1378,12,desachsen,16
1108,683,11,desachsen,16
1109,683,11,desachsen,16
1108,682,11,desachsen,16
2219,1365,12,desachsen,16
2218,1364,12,desachsen,16
2218,1365,12,desachsen,16
549,341,10,desachsen,16
548,341,10,desachsen,16
548,340,10,desachsen,16
1107,686,11,desachsen,16
1093,689,11,desachsen,16
1092,689,11,desachsen,16
2189,1373,12,desachsen,16
2188,1373,12,desachsen,16
2189,1372,12,desachsen,16
1093,682,11,desachsen,16
1093,683,11,desachsen,16
550,343,10,desachsen,16
551,342,10,desachsen,16
550,342,10,desachsen,16
2186,1377,12,desachsen,16
2187,1377,12,desachsen,16
2187,1376,12,desachsen,16
2183,1382,12,desachsen,16
2218,1368,12,desachsen,16
2218,1369,12,desachsen,16
2207,1363,12,desachsen,16
2206,1363,12,desachsen,16
2207,1362,12,desachsen,16
1103,686,11,desachsen,16
1102,686,11,desachsen,16
1102,687,11,desachsen,16
551,341,10,desachsen,16
550,341,10,desachsen,16
1096,690,11,desachsen,16
1097,690,11,desachsen,16
549,344,10,desachsen,16
548,344,10,desachsen,16
1095,685,11,desachsen,16
1095,684,11,desachsen,16
1094,684,11,desachsen,16
1108,684,11,desachsen,16
1108,685,11,desachsen,16
2189,1384,12,desachsen,16
2188,1384,12,desachsen,16
2188,1385,12,desachsen,16
553,341,10,desachsen,16
552,341,10,desachsen,16
553,340,10,desachsen,16
2200,1363,12,desachsen,16
2201,1363,12,desachsen,16
2200,1362,12,desachsen,16
2212,1372,12,desachsen,16
2213,1372,12,desachsen,16
2188,1386,12,desachsen,16
1094,690,11,desachsen,16
1094,691,11,desachsen,16
1095,690,11,desachsen,16
1105,686,11,desachsen,16
1104,686,11,desachsen,16
2198,1361,12,desachsen,16
2198,1360,12,desachsen,16
2187,1385,12,desachsen,16
2186,1384,12,desachsen,16
2187,1384,12,desachsen,16
2198,1363,12,desachsen,16
2199,1363,12,desachsen,16
2198,1362,12,desachsen,16
2185,1377,12,desachsen,16
2184,1377,12,desachsen,16
2189,1370,12,desachsen,16
2188,1370,12,desachsen,16
2210,1361,12,desachsen,16
2211,1361,12,desachsen,16
2195,1382,12,desachsen,16
2202,1376,12,desachsen,16
2202,1377,12,desachsen,16
2203,1376,12,desachsen,16
2209,1361,12,desachsen,16
2208,1361,12,desachsen,16
2215,1374,12,desachsen,16
2214,1374,12,desachsen,16
2202,1363,12,desachsen,16
2209,1374,12,desachsen,16
2208,1374,12,desachsen,16
1108,686,11,desachsen,16
2196,1381,12,desachsen,16
2197,1380,12,desachsen,16
2196,1380,12,desachsen,16
1093,681,11,desachsen,16
1093,680,11,desachsen,16
2218,1371,12,desachsen,16
2218,1370,12,desachsen,16
2205,1376,12,desachsen,16
2204,1376,12,desachsen,16
2187,1386,12,desachsen,16
2216,1361,12,desachsen,16
1100,688,11,desachsen,16
2216,1374,12,desachsen,16
2196,1359,12,desachsen,16
2196,1358,12,desachsen,16
2197,1359,12,desachsen,16
1093,684,11,desachsen,16
1096,679,11,desachsen,16
1097,679,11,desachsen,16
2206,1376,12,desachsen,16
2130,1466,12,itaosta,15
2131,1466,12,itaosta,15
2125,1465,12,itaosta,15
2125,1464,12,itaosta,15
1063,731,11,itaosta,15
1063,730,11,itaosta,15
2135,1457,12,itaosta,15
2134,1457,12,itaosta,15
1065,732,11,itaosta,15
1064,732,11,itaosta,15
1066,732,11,itaosta,15
1067,732,11,itaosta,15
2138,1464,12,itaosta,15
2138,1465,12,itaosta,15
2133,1466,12,itaosta,15
2132,1466,12,itaosta,15
2137,1457,12,itaosta,15
2136,1457,12,itaosta,15
532,365,10,itaosta,15
533,365,10,itaosta,15
1066,729,11,itaosta,15
1067,729,11,itaosta,15
2133,1457,12,itaosta,15
2132,1457,12,itaosta,15
1068,729,11,itaosta,15
2128,1466,12,itaosta,15
2129,1466,12,itaosta,15
2125,1460,12,itaosta,15
2125,1461,12,itaosta,15
2138,1460,12,itaosta,15
2138,1461,12,itaosta,15
2129,1457,12,itaosta,15
2128,1457,12,itaosta,15
2126,1466,12,itaosta,15
2127,1466,12,itaosta,15
2125,1462,12,itaosta,15
2125,1463,12,itaosta,15
1065,729,11,itaosta,15
1064,729,11,itaosta,15
1063,732,11,itaosta,15
2125,1466,12,itaosta,15
2138,1466,12,itaosta,15
2125,1458,12,itaosta,15
2125,1459,12,itaosta,15
2127,1457,12,itaosta,15
2126,1457,12,itaosta,15
2131,1457,12,itaosta,15
2130,1457,12,itaosta,15
1063,729,11,itaosta,15
2136,1466,12,itaosta,15
2137,1466,12,itaosta,15
1068,730,11,itaosta,15
1068,731,11,itaosta,15
2135,1466,12,itaosta,15
2134,1466,12,itaosta,15
2138,1463,12,itaosta,15
2138,1462,12,itaosta,15
1068,732,11,itaosta,15
2138,1458,12,itaosta,15
2138,1459,12,itaosta,15
2125,1457,12,itaosta,15
2138,1457,12,itaosta,15
2207,1438,12,atsalzburg,17
2206,1438,12,atsalzburg,17
2206,1439,12,atsalzburg,17
549,356,10,atsalzburg,17
549,357,10,atsalzburg,17
1100,716,11,atsalzburg,17
1101,717,11,atsalzburg,17
1100,717,11,atsalzburg,17
1100,713,11,atsalzburg,17
274,179,9,atsalzburg,17
550,359,10,atsalzburg,17
2194,1430,12,atsalzburg,17
2195,1431,12,atsalzburg,17
2194,1431,12,atsalzburg,17
2206,1440,12,atsalzburg,17
2206,1441,12,atsalzburg,17
2186,1435,12,atsalzburg,17
2187,1434,12,atsalzburg,17
2187,1435,12,atsalzburg,17
2205,1435,12,atsalzburg,17
2204,1435,12,atsalzburg,17
1097,712,11,atsalzburg,17
2191,1429,12,atsalzburg,17
2191,1428,12,atsalzburg,17
2190,1429,12,atsalzburg,17
2200,1424,12,atsalzburg,17
2200,1425,12,atsalzburg,17
1095,718,11,atsalzburg,17
1094,718,11,atsalzburg,17
2199,1423,12,atsalzburg,17
2198,1423,12,atsalzburg,17
2202,1427,12,atsalzburg,17
2202,1426,12,atsalzburg,17
2193,1423,12,atsalzburg,17
2184,1436,12,atsalzburg,17
2185,1436,12,atsalzburg,17
2185,1437,12,atsalzburg,17
1094,717,11,atsalzburg,17
1095,717,11,atsalzburg,17
2203,1440,12,atsalzburg,17
2202,1440,12,atsalzburg,17
2202,1428,12,atsalzburg,17
2202,1429,12,atsalzburg,17
2185,1439,12,atsalzburg,17
2185,1438,12,atsalzburg,17
1100,714,11,atsalzburg,17
1100,715,11,atsalzburg,17
2195,1426,12,atsalzburg,17
2195,1427,12,atsalzburg,17
2194,1427,12,atsalzburg,17
2188,1438,12,atsalzburg,17
2189,1438,12,atsalzburg,17
2188,1439,12,atsalzburg,17
2197,1423,12,atsalzburg,17
2196,1423,12,atsalzburg,17
2196,1422,12,atsalzburg,17
2206,1436,12,atsalzburg,17
2207,1437,12,atsalzburg,17
2206,1437,12,atsalzburg,17
1102,719,11,atsalzburg,17
1102,718,11,atsalzburg,17
2190,1430,12,atsalzburg,17
2191,1430,12,atsalzburg,17
2191,1431,12,atsalzburg,17
1096,714,11,atsalzburg,17
1096,715,11,atsalzburg,17
2190,1438,12,atsalzburg,17
2191,1438,12,atsalzburg,17
2191,1439,12,atsalzburg,17
2197,1440,12,atsalzburg,17
2196,1440,12,atsalzburg,17
2195,1423,12,atsalzburg,17
2194,1423,12,atsalzburg,17
1093,719,11,atsalzburg,17
1093,718,11,atsalzburg,17
2191,1432,12,atsalzburg,17
2190,1433,12,atsalzburg,17
2191,1433,12,atsalzburg,17
2195,1428,12,atsalzburg,17
2194,1428,12,atsalzburg,17
2194,1429,12,atsalzburg,17
2185,1435,12,atsalzburg,17
2184,1435,12,atsalzburg,17
2195,1440,12,atsalzburg,17
2202,1433,12,atsalzburg,17
2202,1432,12,atsalzburg,17
2193,1424,12,atsalzburg,17
1102,720,11,atsalzburg,17
2200,1423,12,atsalzburg,17
2202,1430,12,atsalzburg,17
2202,1431,12,atsalzburg,17
2189,1433,12,atsalzburg,17
2198,1440,12,atsalzburg,17
537,379,10,frrgealti5corse,14
537,378,10,frrgealti5corse,14
1073,755,11,frrgealti5corse,14
2153,1507,12,frrgealti5corse,14
2153,1506,12,frrgealti5corse,14
537,380,10,frrgealti5corse,14
537,381,10,frrgealti5corse,14
2156,1510,12,frrgealti5corse,14
2157,1511,12,frrgealti5corse,14
2156,1511,12,frrgealti5corse,14
2155,1528,12,frrgealti5corse,14
2154,1528,12,frrgealti5corse,14
2154,1529,12,frrgealti5corse,14
2156,1515,12,frrgealti5corse,14
2156,1514,12,frrgealti5corse,14
2157,1515,12,frrgealti5corse,14
1075,764,11,frrgealti5corse,14
1072,758,11,frrgealti5corse,14
1073,758,11,frrgealti5corse,14
1073,759,11,frrgealti5corse,14
538,380,10,frrgealti5corse,14
538,381,10,frrgealti5corse,14
2156,1507,12,frrgealti5corse,14
2156,1506,12,frrgealti5corse,14
1075,755,11,frrgealti5corse,14
1074,755,11,frrgealti5corse,14
2154,1530,12,frrgealti5corse,14
2150,1509,12,frrgealti5corse,14
2151,1509,12,frrgealti5corse,14
2151,1508,12,frrgealti5corse,14
1072,757,11,frrgealti5corse,14
1073,757,11,frrgealti5corse,14
1073,756,11,frrgealti5corse,14
2153,1504,12,frrgealti5corse,14
2153,1505,12,frrgealti5corse,14
2148,1528,12,frrgealti5corse,14
2149,1528,12,frrgealti5corse,14
1077,752,11,frrgealti5corse,14
1077,753,11,frrgealti5corse,14
2151,1530,12,frrgealti5corse,14
2145,1519,12,frrgealti5corse,14
2145,1518,12,frrgealti5corse,14
2144,1518,12,frrgealti5corse,14
2149,1509,12,frrgealti5corse,14
1078,758,11,frrgealti5corse,14
1078,759,11,frrgealti5corse,14
2156,1508,12,frrgealti5corse,14
2156,1509,12,frrgealti5corse,14
2145,1520,12,frrgealti5corse,14
2145,1521,12,frrgealti5corse,14
2156,1504,12,frrgealti5corse,14
2156,1505,12,frrgealti5corse,14
2147,1526,12,frrgealti5corse,14
2147,1527,12,frrgealti5corse,14
538,377,10,frrgealti5corse,14
2152,1530,12,frrgealti5corse,14
2153,1530,12,frrgealti5corse,14
1073,760,11,frrgealti5corse,14
1073,761,11,frrgealti5corse,14
2154,1503,12,frrgealti5corse,14
2155,1503,12,frrgealti5corse,14
2145,1512,12,frrgealti5corse,14
2145,1513,12,frrgealti5corse,14
2156,1513,12,frrgealti5corse,14
2156,1512,12,frrgealti5corse,14
538,379,10,frrgealti5corse,14
538,378,10,frrgealti5corse,14
2145,1522,12,frrgealti5corse,14
1076,764,11,frrgealti5corse,14
2156,1520,12,frrgealti5corse,14
1073,762,11,frrgealti5corse,14
1429,2019,12,frrgealti5guiana,14
1428,2019,12,frrgealti5guiana,14
1429,2018,12,frrgealti5guiana,14
362,502,10,frrgealti5guiana,14
362,503,10,frrgealti5guiana,14
715,994,11,frrgealti5guiana,14
714,995,11,frrgealti5guiana,14
715,995,11,frrgealti5guiana,14
1447,2022,12,frrgealti5guiana,14
1446,2022,12,frrgealti5guiana,14
1446,2023,12,frrgealti5guiana,14
1427,1992,12,frrgealti5guiana,14
1434,2022,12,frrgealti5guiana,14
1434,2023,12,frrgealti5guiana,14
1435,2022,12,frrgealti5guiana,14
357,505,10,frrgealti5guiana,14
1458,2005,12,frrgealti5guiana,14
1459,2004,12,frrgealti5guiana,14
1458,2004,12,frrgealti5guiana,14
358,500,10,frrgealti5guiana,14
359,501,10,frrgealti5guiana,14
359,500,10,frrgealti5guiana,14
1431,2010,12,frrgealti5guiana,14
1430,2011,12,frrgealti5guiana,14
1431,2011,12,frrgealti5guiana,14
1431,1986,12,frrgealti5guiana,14
1431,1987,12,frrgealti5guiana,14
1430,1987,12,frrgealti5guiana,14
723,1010,11,frrgealti5guiana,14
722,1011,11,frrgealti5guiana,14
722,1010,11,frrgealti5guiana,14
717,1010,11,frrgealti5guiana,14
716,1010,11,frrgealti5guiana,14
716,1011,11,frrgealti5guiana,14
181,250,9,frrgealti5guiana,14
180,250,9,frrgealti5guiana,14
180,251,9,frrgealti5guiana,14
1450,2018,12,frrgealti5guiana,14
1450,2019,12,frrgealti5guiana,14
361,497,10,frrgealti5guiana,14
360,496,10,frrgealti5guiana,14
360,497,10,frrgealti5guiana,14
1452,1990,12,frrgealti5guiana,14
1452,1991,12,frrgealti5guiana,14
1453,1991,12,frrgealti5guiana,14
725,995,11,frrgealti5guiana,14
724,994,11,frrgealti5guiana,14
724,995,11,frrgealti5guiana,14
715,1008,11,frrgealti5guiana,14
715,1009,11,frrgealti5guiana,14
1429,1989,12,frrgealti5guiana,14
1428,1989,12,frrgealti5guiana,14
1429,1988,12,frrgealti5guiana,14
1429,1987,12,frrgealti5guiana,14
1455,1993,12,frrgealti5guiana,14
1454,1992,12,frrgealti5guiana,14
1454,1993,12,frrgealti5guiana,14
1441,2022,12,frrgealti5guiana,14
1441,2023,12,frrgealti5guiana,14
1440,2022,12,frrgealti5guiana,14
364,499,10,frrgealti5guiana,14
1452,2012,12,frrgealti5guiana,14
1453,2012,12,frrgealti5guiana,14
1452,2013,12,frrgealti5guiana,14
1456,2007,12,frrgealti5guiana,14
1456,2006,12,frrgealti5guiana,14
1457,2006,12,frrgealti5guiana,14
1432,2006,12,frrgealti5guiana,14
1433,2006,12,frrgealti5guiana,14
1433,2007,12,frrgealti5guiana,14
728,996,11,frrgealti5guiana,14
728,997,11,frrgealti5guiana,14
729,997,11,frrgealti5guiana,14
715,1000,11,frrgealti5guiana,14
715,1001,11,frrgealti5guiana,14
1454,1991,12,frrgealti5guiana,14
362,498,10,frrgealti5guiana,14
362,499,10,frrgealti5guiana,14
363,499,10,frrgealti5guiana,14
1445,1985,12,frrgealti5guiana,14
1444,1985,12,frrgealti5guiana,14
1452,2015,12,frrgealti5guiana,14
1452,2014,12,frrgealti5guiana,14
1461,2000,12,frrgealti5guiana,14
1460,2000,12,frrgealti5guiana,14
1460,2001,12,frrgealti5guiana,14
726,1005,11,frrgealti5guiana,14
727,1004,11,frrgealti5guiana,14
726,1004,11,frrgealti5guiana,14
1439,2022,12,frrgealti5guiana,14
1438,2022,12,frrgealti5guiana,14
1433,2024,12,frrgealti5guiana,14
1432,2024,12,frrgealti5guiana,14
718,1010,11,frrgealti5guiana,14
719,1010,11,frrgealti5guiana,14
1429,2017,12,frrgealti5guiana,14
726,997,11,frrgealti5guiana,14
727,997,11,frrgealti5guiana,14
726,996,11,frrgealti5guiana,14
1433,1983,12,frrgealti5guiana,14
1433,1982,12,frrgealti5guiana,14
360,504,10,frrgealti5guiana,14
361,504,10,frrgealti5guiana,14
721,1010,11,frrgealti5guiana,14
721,1011,11,frrgealti5guiana,14
720,1010,11,frrgealti5guiana,14
1454,2010,12,frrgealti5guiana,14
1431,2024,12,frrgealti5guiana,14
359,504,10,frrgealti5guiana,14
358,504,10,frrgealti5guiana,14
1429,2000,12,frrgealti5guiana,14
1428,2000,12,frrgealti5guiana,14
1429,2001,12,frrgealti5guiana,14
1436,1982,12,frrgealti5guiana,14
1437,1983,12,frrgealti5guiana,14
1436,1983,12,frrgealti5guiana,14
722,993,11,frrgealti5guiana,14
723,993,11,frrgealti5guiana,14
724,1008,11,frrgealti5guiana,14
724,1009,11,frrgealti5guiana,14
725,1008,11,frrgealti5guiana,14
1436,2022,12,frrgealti5guiana,14
1437,2022,12,frrgealti5guiana,14
1427,1991,12,frrgealti5guiana,14
1449,1987,12,frrgealti5guiana,14
1448,1987,12,frrgealti5guiana,14
717,1002,11,frrgealti5guiana,14
716,1002,11,frrgealti5guiana,14
717,1003,11,frrgealti5guiana,14
715,1006,11,frrgealti5guiana,14
715,1007,11,frrgealti5guiana,14
1427,2023,12,frrgealti5guiana,14
1427,2022,12,frrgealti5guiana,14
1431,2005,12,frrgealti5guiana,14
1430,2004,12,frrgealti5guiana,14
1431,2004,12,frrgealti5guiana,14
364,500,10,frrgealti5guiana,14
179,248,9,frrgealti5guiana,14
179,249,9,frrgealti5guiana,14
179,251,9,frrgealti5guiana,14
1460,1999,12,frrgealti5guiana,14
1460,1998,12,frrgealti5guiana,14
1450,1988,12,frrgealti5guiana,14
1450,1989,12,frrgealti5guiana,14
1429,2002,12,frrgealti5guiana,14
1429,2003,12,frrgealti5guiana,14
180,249,9,frrgealti5guiana,14
728,1002,11,frrgealti5guiana,14
1431,1985,12,frrgealti5guiana,14
1460,1997,12,frrgealti5guiana,14
357,498,10,frrgealti5guiana,14
357,499,10,frrgealti5guiana,14
713,1010,11,frrgealti5guiana,14
1439,1983,12,frrgealti5guiana,14
1438,1983,12,frrgealti5guiana,14
1456,2008,12,frrgealti5guiana,14
1450,1987,12,frrgealti5guiana,14
1460,2002,12,frrgealti5guiana,14
717,991,11,frrgealti5guiana,14
724,1010,11,frrgealti5guiana,14
1446,1985,12,frrgealti5guiana,14
2165,1452,12,itbozen,15
2165,1453,12,itbozen,15
1090,719,11,itbozen,15
1091,719,11,itbozen,15
2190,1450,12,itbozen,15
2190,1451,12,itbozen,15
2190,1438,12,itbozen,15
2190,1439,12,itbozen,15
1083,721,11,itbozen,15
1083,720,11,itbozen,15
2190,1454,12,itbozen,15
2189,1454,12,itbozen,15
2188,1454,12,itbozen,15
1089,726,11,itbozen,15
1088,726,11,itbozen,15
1086,719,11,itbozen,15
1087,719,11,itbozen,15
271,180,9,itbozen,15
2190,1441,12,itbozen,15
2190,1440,12,itbozen,15
2190,1452,12,itbozen,15
2190,1453,12,itbozen,15
1088,719,11,itbozen,15
1089,719,11,itbozen,15
2165,1446,12,itbozen,15
2165,1447,12,itbozen,15
2185,1454,12,itbozen,15
2184,1454,12,itbozen,15
1091,726,11,itbozen,15
1090,726,11,itbozen,15
1094,723,11,itbozen,15
1094,722,11,itbozen,15
1094,719,11,itbozen,15
1083,724,11,itbozen,15
1083,725,11,itbozen,15
546,361,10,itbozen,15
546,360,10,itbozen,15
2190,1444,12,itbozen,15
2190,1445,12,itbozen,15
1092,726,11,itbozen,15
1093,726,11,itbozen,15
1093,719,11,itbozen,15
1092,719,11,itbozen,15
2165,1442,12,itbozen,15
2165,1443,12,itbozen,15
2182,1454,12,itbozen,15
2183,1454,12,itbozen,15
2165,1449,12,itbozen,15
2165,1448,12,itbozen,15
2190,1447,12,itbozen,15
2190,1446,12,itbozen,15
1084,719,11,itbozen,15
1085,719,11,itbozen,15
544,362,10,itbozen,15
545,362,10,itbozen,15
1086,726,11,itbozen,15
1087,726,11,itbozen,15
2165,1450,12,itbozen,15
2165,1451,12,itbozen,15
1083,722,11,itbozen,15
1083,723,11,itbozen,15
2190,1449,12,itbozen,15
2190,1448,12,itbozen,15
1094,725,11,itbozen,15
1094,724,11,itbozen,15
542,362,10,itbozen,15
543,362,10,itbozen,15
2186,1454,12,itbozen,15
2187,1454,12,itbozen,15
2165,1444,12,itbozen,15
2165,1445,12,itbozen,15
2190,1442,12,itbozen,15
2190,1443,12,itbozen,15
1094,720,11,itbozen,15
1094,721,11,itbozen,15
1085,726,11,itbozen,15
1084,726,11,itbozen,15
546,362,10,itbozen,15
1094,726,11,itbozen,15
1083,726,11,itbozen,15
272,180,9,itbozen,15
1083,719,11,itbozen,15
2194,1438,12,atkaernten,17
2195,1439,12,atkaernten,17
2194,1439,12,atkaernten,17
2203,1443,12,atkaernten,17
2202,1442,12,atkaernten,17
2202,1443,12,atkaernten,17
1101,722,11,atkaernten,17
1100,722,11,atkaernten,17
1100,723,11,atkaernten,17
1097,720,11,atkaernten,17
1097,721,11,atkaernten,17
1096,720,11,atkaernten,17
2193,1443,12,atkaernten,17
2192,1442,12,atkaernten,17
2193,1442,12,atkaernten,17
2200,1439,12,atkaernten,17
2200,1438,12,atkaernten,17
2197,1448,12,atkaernten,17
2197,1439,12,atkaernten,17
2196,1439,12,atkaernten,17
2193,1446,12,atkaernten,17
2192,1446,12,atkaernten,17
2193,1447,12,atkaernten,17
2198,1448,12,atkaernten,17
2199,1448,12,atkaernten,17
2202,1441,12,atkaernten,17
549,361,10,atkaernten,17
549,360,10,atkaernten,17
2191,1438,12,atkaernten,17
2191,1439,12,atkaernten,17
1097,723,11,atkaernten,17
1096,722,11,atkaernten,17
1097,722,11,atkaernten,17
1096,719,11,atkaernten,17
1100,721,11,atkaernten,17
1100,720,11,atkaernten,17
2202,1446,12,atkaernten,17
2203,1446,12,atkaernten,17
2202,1447,12,atkaernten,17
2200,1448,12,atkaernten,17
2201,1448,12,atkaernten,17
1099,719,11,atkaernten,17
2164,1325,12,dehamburg,16
2165,1325,12,dehamburg,16
2164,1324,12,dehamburg,16
1079,661,11,dehamburg,16
2164,1326,12,dehamburg,16
2165,1326,12,dehamburg,16
1081,660,11,dehamburg,16
1080,661,11,dehamburg,16
1081,661,11,dehamburg,16
1080,662,11,dehamburg,16
1081,662,11,dehamburg,16
2159,1325,12,dehamburg,16
2159,1324,12,dehamburg,16
2163,1326,12,dehamburg,16
2162,1326,12,dehamburg,16
2164,1322,12,dehamburg,16
2164,1323,12,dehamburg,16
2160,1321,12,dehamburg,16
2161,1321,12,dehamburg,16
2161,1326,12,dehamburg,16
2160,1326,12,dehamburg,16
2164,1320,12,dehamburg,16
2164,1321,12,dehamburg,16
2159,1326,12,dehamburg,16
2202,1427,12,atsalzburg,16
2202,1426,12,atsalzburg,16
2193,1441,12,atsalzburg,16
2193,1440,12,atsalzburg,16
2195,1439,12,atsalzburg,16
2194,1439,12,atsalzburg,16
1097,720,11,atsalzburg,16
2201,1426,12,atsalzburg,16
2201,1427,12,atsalzburg,16
2185,1437,12,atsalzburg,16
2201,1428,12,atsalzburg,16
2202,1428,12,atsalzburg,16
2202,1429,12,atsalzburg,16
2196,1441,12,atsalzburg,16
2196,1440,12,atsalzburg,16
2195,1425,12,atsalzburg,16
2194,1424,12,atsalzburg,16
2192,1439,12,atsalzburg,16
2193,1439,12,atsalzburg,16
2190,1436,12,atsalzburg,16
2190,1437,12,atsalzburg,16
2195,1426,12,atsalzburg,16
2195,1427,12,atsalzburg,16
2194,1427,12,atsalzburg,16
2189,1436,12,atsalzburg,16
2189,1437,12,atsalzburg,16
2217,1414,12,atoberoesterreich,16
